timestamp,src_ip,user,event,status,port
2025-09-20T12:53:12Z,10.0.3.250,carol,auth,success,3933
2025-09-20T12:53:13Z,10.0.5.51,ops,auth,fail,351
2025-09-20T12:53:14Z,10.0.3.130,ops,auth,success,834
2025-09-20T12:53:14Z,10.0.1.76,alice,connect,success,6035
2025-09-20T12:53:22Z,10.0.3.195,alice,connect,fail,1120
2025-09-20T12:53:24Z,10.0.3.160,alice,connect,success,3098
2025-09-20T12:53:35Z,10.0.3.133,carol,auth,success,4022
2025-09-20T12:53:39Z,10.0.5.42,root,auth,success,2481
2025-09-20T12:53:44Z,10.0.0.147,carol,auth,success,2711
2025-09-20T12:53:46Z,10.0.4.209,dave,connect,success,154
2025-09-20T12:53:52Z,10.0.0.11,bob,auth,success,4731
2025-09-20T12:53:53Z,10.0.4.209,ops,auth,success,3287
2025-09-20T12:53:56Z,10.0.1.27,ops,auth,success,3475
2025-09-20T12:53:57Z,10.0.3.12,dave,auth,success,529
2025-09-20T12:54:10Z,10.0.1.45,root,command,success,2736
2025-09-20T12:54:39Z,10.0.4.49,bob,connect,success,484
2025-09-20T12:54:59Z,10.0.5.2,bob,auth,success,5947
2025-09-20T12:55:11Z,10.0.0.198,dave,command,success,1111
2025-09-20T12:55:13Z,10.0.3.81,carol,auth,success,4006
2025-09-20T12:55:25Z,10.0.5.161,carol,auth,success,5111
2025-09-20T12:55:28Z,10.0.3.37,dave,connect,success,4511
2025-09-20T12:55:30Z,10.0.1.11,carol,auth,success,1692
2025-09-20T12:55:36Z,10.0.0.157,eve,command,success,1244
2025-09-20T12:55:47Z,10.0.4.204,root,connect,success,466
2025-09-20T12:55:54Z,10.0.0.144,alice,connect,success,4369
2025-09-20T12:56:04Z,10.0.1.114,alice,connect,success,3740
2025-09-20T12:56:10Z,10.0.1.11,ops,connect,success,4357
2025-09-20T12:56:10Z,10.0.2.193,ops,command,success,2458
2025-09-20T12:56:20Z,10.0.1.54,carol,command,fail,1097
2025-09-20T12:56:28Z,10.0.2.46,ops,command,success,5614
2025-09-20T12:56:40Z,10.0.2.29,eve,command,success,40
2025-09-20T12:57:00Z,10.0.0.150,ops,connect,success,6227
2025-09-20T12:57:32Z,10.0.2.149,bob,command,success,2226
2025-09-20T12:57:47Z,10.0.1.46,carol,auth,success,3408
2025-09-20T12:58:00Z,10.0.1.188,ops,connect,success,556
2025-09-20T12:58:01Z,10.0.0.124,ops,connect,success,716
2025-09-20T12:58:11Z,10.0.2.96,eve,command,success,5566
2025-09-20T12:58:15Z,10.0.3.220,dave,command,success,5945
2025-09-20T12:58:18Z,10.0.4.51,dave,auth,success,5962
2025-09-20T12:58:19Z,10.0.1.167,root,connect,success,1545
2025-09-20T12:58:31Z,10.0.5.40,bob,auth,success,4351
2025-09-20T12:58:41Z,10.0.5.224,carol,auth,success,2810
2025-09-20T12:58:54Z,10.0.0.214,bob,command,success,4811
2025-09-20T12:58:55Z,10.0.3.10,carol,auth,success,2245
2025-09-20T12:58:56Z,10.0.5.141,dave,command,success,3918
2025-09-20T12:59:03Z,10.0.3.115,ops,auth,success,6004
2025-09-20T12:59:04Z,10.0.3.172,eve,auth,success,3909
2025-09-20T12:59:26Z,10.0.4.167,alice,connect,success,487
2025-09-20T12:59:44Z,10.0.2.60,ops,connect,success,3934
2025-09-20T12:59:47Z,10.0.0.86,carol,connect,success,3294
2025-09-20T12:59:48Z,10.0.3.48,alice,command,success,4795
2025-09-20T12:59:51Z,10.0.3.215,root,command,success,1381
2025-09-20T13:00:03Z,10.0.4.190,ops,command,fail,5239
2025-09-20T13:00:07Z,10.0.4.189,dave,auth,success,382
2025-09-20T13:00:13Z,10.0.0.229,eve,command,success,1458
2025-09-20T13:00:19Z,10.0.0.138,carol,connect,success,5786
2025-09-20T13:00:23Z,10.0.3.234,root,connect,success,5471
2025-09-20T13:00:23Z,10.0.5.77,alice,auth,success,2225
2025-09-20T13:00:37Z,10.0.4.219,ops,connect,success,3463
2025-09-20T13:00:39Z,10.0.0.56,bob,auth,success,5023
2025-09-20T13:00:48Z,10.0.4.120,eve,command,success,864
2025-09-20T13:01:09Z,10.0.4.94,ops,connect,success,3437
2025-09-20T13:01:17Z,10.0.3.15,bob,connect,success,1184
2025-09-20T13:01:22Z,10.0.2.19,bob,auth,success,2372
2025-09-20T13:01:22Z,10.0.4.46,ops,auth,success,3953
2025-09-20T13:01:38Z,10.0.5.241,carol,connect,success,1095
2025-09-20T13:01:39Z,10.0.5.2,ops,command,success,3767
2025-09-20T13:01:48Z,10.0.5.62,bob,command,success,4147
2025-09-20T13:02:04Z,10.0.5.23,bob,connect,success,3772
2025-09-20T13:02:06Z,10.0.2.20,eve,command,success,825
2025-09-20T13:02:18Z,10.0.3.100,root,connect,success,2471
2025-09-20T13:02:24Z,10.0.4.131,bob,auth,success,1651
2025-09-20T13:02:39Z,10.0.3.243,carol,auth,success,3887
2025-09-20T13:02:40Z,10.0.1.130,bob,command,success,5767
2025-09-20T13:02:42Z,10.0.5.244,ops,command,success,6171
2025-09-20T13:03:12Z,10.0.3.4,bob,auth,success,4240
2025-09-20T13:03:16Z,10.0.1.95,eve,auth,success,1125
2025-09-20T13:03:17Z,10.0.0.65,dave,command,success,2857
2025-09-20T13:03:27Z,10.0.5.69,bob,command,success,817
2025-09-20T13:03:28Z,10.0.0.131,carol,command,success,3625
2025-09-20T13:03:28Z,10.0.2.141,dave,auth,success,6083
2025-09-20T13:03:34Z,10.0.4.248,carol,connect,success,3262
2025-09-20T13:03:44Z,10.0.1.87,ops,connect,success,3500
2025-09-20T13:03:49Z,10.0.2.162,root,connect,success,233
2025-09-20T13:03:57Z,10.0.4.227,carol,connect,success,2687
2025-09-20T13:04:21Z,10.0.0.217,ops,command,success,4128
2025-09-20T13:04:25Z,10.0.1.126,dave,auth,success,3583
2025-09-20T13:04:37Z,10.0.1.122,alice,connect,success,6469
2025-09-20T13:04:42Z,10.0.0.53,bob,auth,success,4763
2025-09-20T13:04:42Z,10.0.3.9,alice,auth,success,3820
2025-09-20T13:04:44Z,10.0.4.248,alice,connect,success,1953
2025-09-20T13:04:54Z,10.0.5.30,ops,connect,success,5843
2025-09-20T13:04:56Z,10.0.0.114,alice,auth,success,1847
2025-09-20T13:05:07Z,10.0.3.94,carol,auth,success,5748
2025-09-20T13:05:11Z,10.0.1.143,ops,command,success,800
2025-09-20T13:05:12Z,10.0.3.21,bob,command,success,4121
2025-09-20T13:05:17Z,10.0.4.189,dave,connect,success,391
2025-09-20T13:05:31Z,10.0.0.172,bob,auth,success,676
2025-09-20T13:05:37Z,10.0.1.12,carol,auth,success,5348
2025-09-20T13:05:45Z,10.0.4.95,ops,connect,success,6513
2025-09-20T13:05:56Z,10.0.2.23,root,command,success,3533
2025-09-20T13:06:04Z,10.0.2.13,carol,connect,fail,6264
2025-09-20T13:06:30Z,10.0.0.30,root,connect,success,2367
2025-09-20T13:06:37Z,10.0.3.241,carol,command,success,4766
2025-09-20T13:06:39Z,10.0.0.205,eve,auth,success,1666
2025-09-20T13:06:43Z,10.0.1.82,root,auth,success,3776
2025-09-20T13:06:44Z,10.0.4.195,alice,command,success,1990
2025-09-20T13:07:06Z,10.0.3.69,alice,auth,success,3944
2025-09-20T13:07:20Z,10.0.1.233,root,auth,success,1018
2025-09-20T13:07:21Z,10.0.5.192,bob,auth,success,1280
2025-09-20T13:07:22Z,10.0.1.18,root,connect,success,1700
2025-09-20T13:07:24Z,10.0.1.223,alice,command,success,1980
2025-09-20T13:07:47Z,10.0.2.190,eve,command,success,2342
2025-09-20T13:07:48Z,10.0.1.97,alice,auth,success,4645
2025-09-20T13:07:52Z,10.0.5.184,bob,command,success,2364
2025-09-20T13:08:01Z,10.0.1.173,dave,command,success,4664
2025-09-20T13:08:13Z,10.0.3.175,alice,auth,success,4143
2025-09-20T13:08:20Z,10.0.3.23,eve,command,success,3531
2025-09-20T13:08:22Z,10.0.1.144,root,command,success,4753
2025-09-20T13:08:36Z,10.0.3.67,dave,auth,success,1919
2025-09-20T13:08:41Z,10.0.0.213,alice,command,success,4735
2025-09-20T13:08:42Z,10.0.0.131,carol,auth,success,2344
2025-09-20T13:08:56Z,10.0.1.211,ops,connect,success,1426
2025-09-20T13:08:58Z,10.0.1.124,root,command,fail,6178
2025-09-20T13:09:04Z,10.0.2.108,dave,command,success,5301
2025-09-20T13:09:06Z,10.0.0.167,ops,auth,success,5154
2025-09-20T13:09:35Z,10.0.4.140,root,auth,success,6326
2025-09-20T13:09:36Z,10.0.0.96,ops,connect,success,3142
2025-09-20T13:09:38Z,10.0.0.37,carol,auth,success,3334
2025-09-20T13:09:39Z,10.0.4.147,bob,command,success,3511
2025-09-20T13:09:39Z,10.0.5.77,root,command,success,3452
2025-09-20T13:09:42Z,10.0.1.81,eve,connect,success,2785
2025-09-20T13:09:44Z,10.0.3.245,carol,connect,success,1143
2025-09-20T13:09:49Z,10.0.5.31,eve,auth,success,4661
2025-09-20T13:09:55Z,10.0.0.141,ops,connect,success,500
2025-09-20T13:09:59Z,10.0.5.9,dave,connect,success,5219
2025-09-20T13:10:01Z,10.0.2.11,bob,connect,success,4895
2025-09-20T13:10:06Z,10.0.1.39,alice,auth,success,5117
2025-09-20T13:10:13Z,10.0.2.74,bob,command,success,2649
2025-09-20T13:10:15Z,10.0.0.83,bob,connect,success,1576
2025-09-20T13:10:24Z,10.0.4.88,bob,connect,success,4025
2025-09-20T13:10:25Z,10.0.2.135,eve,auth,fail,2093
2025-09-20T13:10:29Z,10.0.2.170,ops,command,success,1901
2025-09-20T13:10:37Z,10.0.0.193,eve,auth,success,4901
2025-09-20T13:10:41Z,10.0.2.134,dave,command,success,3064
2025-09-20T13:10:46Z,10.0.0.48,eve,command,success,6338
2025-09-20T13:10:58Z,10.0.0.162,carol,command,success,3254
2025-09-20T13:11:01Z,10.0.5.11,ops,auth,success,3215
2025-09-20T13:11:02Z,10.0.5.107,root,command,success,2993
2025-09-20T13:11:04Z,10.0.3.126,root,auth,success,82
2025-09-20T13:11:10Z,10.0.3.179,eve,command,success,5833
2025-09-20T13:11:11Z,10.0.2.223,carol,command,success,2015
2025-09-20T13:11:19Z,10.0.2.19,carol,connect,success,6423
2025-09-20T13:11:20Z,10.0.0.148,carol,auth,success,2533
2025-09-20T13:11:38Z,10.0.0.228,eve,auth,success,2290
2025-09-20T13:11:44Z,10.0.2.89,ops,command,success,4772
2025-09-20T13:12:08Z,10.0.2.103,root,auth,success,5495
2025-09-20T13:12:15Z,10.0.0.68,ops,connect,fail,3189
2025-09-20T13:12:23Z,10.0.3.50,dave,auth,success,3590
2025-09-20T13:12:28Z,10.0.4.63,dave,auth,success,4357
2025-09-20T13:12:33Z,10.0.5.48,carol,auth,success,5071
2025-09-20T13:12:38Z,10.0.4.155,root,command,success,5750
2025-09-20T13:12:43Z,10.0.4.94,dave,auth,success,2521
2025-09-20T13:13:04Z,10.0.3.141,eve,command,success,910
2025-09-20T13:13:05Z,10.0.0.216,alice,connect,success,5835
2025-09-20T13:13:17Z,10.0.5.138,alice,command,success,5718
2025-09-20T13:13:32Z,10.0.1.206,alice,connect,fail,3629
2025-09-20T13:13:38Z,10.0.2.239,bob,auth,success,3228
2025-09-20T13:13:40Z,10.0.5.216,root,connect,fail,5933
2025-09-20T13:13:58Z,10.0.5.216,carol,connect,success,1767
2025-09-20T13:14:25Z,10.0.2.67,bob,command,success,770
2025-09-20T13:14:40Z,10.0.1.99,ops,command,success,1061
2025-09-20T13:14:47Z,10.0.2.119,dave,connect,success,6125
2025-09-20T13:14:52Z,10.0.0.52,dave,auth,success,3543
2025-09-20T13:14:56Z,10.0.0.188,alice,auth,success,1961
2025-09-20T13:15:15Z,10.0.3.14,root,connect,success,5705
2025-09-20T13:15:19Z,10.0.0.167,bob,command,success,5302
2025-09-20T13:15:28Z,10.0.2.171,carol,command,success,4640
2025-09-20T13:15:31Z,10.0.5.180,root,connect,success,307
2025-09-20T13:15:37Z,10.0.3.203,root,auth,success,1827
2025-09-20T13:15:49Z,10.0.0.205,root,command,success,2801
2025-09-20T13:15:54Z,10.0.1.37,carol,command,success,3056
2025-09-20T13:16:07Z,10.0.2.53,root,auth,success,2649
2025-09-20T13:16:14Z,10.0.2.159,alice,auth,success,5052
2025-09-20T13:16:24Z,10.0.4.92,ops,connect,success,2608
2025-09-20T13:16:27Z,10.0.1.113,eve,auth,success,742
2025-09-20T13:16:30Z,10.0.2.75,root,auth,fail,2622
2025-09-20T13:16:38Z,10.0.3.216,eve,auth,success,3603
2025-09-20T13:16:51Z,10.0.3.91,root,connect,success,495
2025-09-20T13:16:53Z,10.0.0.59,root,connect,success,2217
2025-09-20T13:17:02Z,10.0.5.196,alice,command,success,2428
2025-09-20T13:17:06Z,10.0.5.207,ops,auth,success,2472
2025-09-20T13:17:09Z,10.0.0.244,eve,connect,success,5271
2025-09-20T13:17:12Z,10.0.3.245,eve,auth,success,2262
2025-09-20T13:17:18Z,10.0.4.230,ops,auth,success,5498
2025-09-20T13:17:23Z,10.0.1.53,carol,command,success,4964
2025-09-20T13:17:36Z,10.0.2.105,carol,connect,success,3767
2025-09-20T13:17:40Z,10.0.1.149,bob,auth,success,1212
2025-09-20T13:17:46Z,10.0.3.212,root,connect,success,781
2025-09-20T13:17:46Z,10.0.5.194,eve,command,success,4786
2025-09-20T13:18:06Z,10.0.5.223,bob,connect,fail,5099
2025-09-20T13:18:13Z,10.0.5.216,dave,auth,success,4569
2025-09-20T13:18:18Z,10.0.2.63,ops,connect,success,3792
2025-09-20T13:18:26Z,10.0.4.236,eve,connect,success,4433
2025-09-20T13:18:29Z,10.0.5.3,ops,connect,success,5800
2025-09-20T13:18:30Z,10.0.3.247,alice,auth,success,1856
2025-09-20T13:18:32Z,10.0.2.208,ops,connect,success,4798
2025-09-20T13:18:51Z,10.0.3.13,bob,command,fail,3225
2025-09-20T13:18:55Z,10.0.0.45,carol,auth,success,2566
2025-09-20T13:19:01Z,10.0.3.72,bob,command,success,1751
2025-09-20T13:19:02Z,10.0.5.149,dave,command,fail,60
2025-09-20T13:19:11Z,10.0.1.135,bob,command,success,1761
2025-09-20T13:19:13Z,10.0.2.244,dave,command,success,5687
2025-09-20T13:19:20Z,10.0.2.197,root,auth,fail,2871
2025-09-20T13:19:24Z,10.0.5.212,alice,auth,success,5135
2025-09-20T13:19:48Z,10.0.3.221,alice,command,success,6512
2025-09-20T13:19:52Z,10.0.3.38,bob,connect,success,721
2025-09-20T13:19:57Z,10.0.2.234,alice,connect,success,535
2025-09-20T13:20:08Z,10.0.1.88,dave,command,success,5778
2025-09-20T13:20:13Z,10.0.1.102,ops,connect,success,441
2025-09-20T13:20:35Z,10.0.1.8,eve,auth,fail,1679
2025-09-20T13:20:37Z,10.0.2.126,dave,command,success,1890
2025-09-20T13:20:41Z,10.0.2.117,ops,command,success,2401
2025-09-20T13:20:43Z,10.0.1.113,alice,command,success,4694
2025-09-20T13:20:45Z,10.0.5.227,alice,connect,success,5181
2025-09-20T13:20:45Z,10.0.1.20,ops,connect,success,2560
2025-09-20T13:20:57Z,10.0.4.150,eve,connect,success,5332
2025-09-20T13:21:03Z,10.0.2.177,ops,command,success,6374
2025-09-20T13:21:08Z,10.0.1.139,carol,auth,success,2586
2025-09-20T13:21:09Z,10.0.1.245,eve,connect,success,4471
2025-09-20T13:21:14Z,10.0.5.221,ops,command,success,2223
2025-09-20T13:21:17Z,10.0.0.176,bob,connect,success,5430
2025-09-20T13:21:23Z,10.0.3.221,bob,command,success,4999
2025-09-20T13:21:30Z,10.0.2.10,dave,command,success,3242
2025-09-20T13:21:31Z,10.0.1.93,root,connect,success,6404
2025-09-20T13:21:47Z,10.0.2.133,alice,auth,success,880
2025-09-20T13:21:47Z,10.0.1.222,dave,auth,success,4795
2025-09-20T13:21:49Z,10.0.4.25,eve,auth,success,1765
2025-09-20T13:21:56Z,10.0.4.73,root,auth,success,5360
2025-09-20T13:21:59Z,10.0.0.43,carol,auth,success,5604
2025-09-20T13:22:02Z,10.0.1.65,alice,command,success,3086
2025-09-20T13:22:08Z,10.0.2.108,ops,connect,success,3139
2025-09-20T13:22:11Z,10.0.5.231,root,auth,success,4609
2025-09-20T13:22:14Z,10.0.3.214,ops,auth,success,1591
2025-09-20T13:22:19Z,10.0.4.57,bob,command,success,1917
2025-09-20T13:22:19Z,10.0.0.169,carol,connect,success,3469
2025-09-20T13:22:20Z,10.0.3.194,bob,auth,success,5343
2025-09-20T13:22:25Z,10.0.4.253,eve,command,success,3832
2025-09-20T13:22:29Z,10.0.1.9,carol,connect,success,1238
2025-09-20T13:22:33Z,10.0.1.130,dave,auth,success,1981
2025-09-20T13:22:35Z,10.0.1.152,alice,connect,success,5330
2025-09-20T13:22:48Z,10.0.3.189,ops,auth,success,4312
2025-09-20T13:22:50Z,10.0.3.36,root,connect,success,3430
2025-09-20T13:22:53Z,10.0.0.212,bob,command,success,825
2025-09-20T13:22:55Z,10.0.4.42,bob,command,success,6498
2025-09-20T13:22:56Z,10.0.0.173,bob,command,success,4459
2025-09-20T13:22:57Z,10.0.2.144,dave,auth,success,1993
2025-09-20T13:23:16Z,10.0.3.159,dave,command,success,4792
2025-09-20T13:23:16Z,10.0.2.236,dave,command,success,2015
2025-09-20T13:23:21Z,10.0.5.15,root,command,success,2463
2025-09-20T13:23:23Z,10.0.2.248,root,auth,success,3569
2025-09-20T13:23:30Z,10.0.4.126,alice,connect,success,6550
2025-09-20T13:23:35Z,10.0.1.74,alice,connect,success,5844
2025-09-20T13:23:42Z,10.0.3.131,bob,command,success,4605
2025-09-20T13:24:01Z,10.0.4.76,ops,auth,success,3399
2025-09-20T13:24:40Z,10.0.5.12,alice,auth,success,6030
2025-09-20T13:24:41Z,10.0.0.31,alice,connect,success,428
2025-09-20T13:24:44Z,10.0.0.213,ops,connect,success,5616
2025-09-20T13:24:46Z,10.0.0.31,ops,command,success,396
2025-09-20T13:24:50Z,10.0.0.194,root,auth,success,5627
2025-09-20T13:25:08Z,10.0.5.225,bob,command,success,4618
2025-09-20T13:25:11Z,10.0.0.172,carol,connect,success,915
2025-09-20T13:25:16Z,10.0.5.158,root,connect,success,2594
2025-09-20T13:25:16Z,10.0.4.40,eve,command,success,6383
2025-09-20T13:25:23Z,10.0.0.5,alice,command,fail,6507
2025-09-20T13:25:24Z,10.0.2.44,bob,auth,success,3904
2025-09-20T13:25:29Z,10.0.0.116,alice,auth,success,1423
2025-09-20T13:25:29Z,10.0.5.59,eve,auth,success,1983
2025-09-20T13:25:31Z,10.0.4.28,alice,connect,success,6113
2025-09-20T13:25:41Z,10.0.3.198,eve,connect,success,6235
2025-09-20T13:25:52Z,10.0.5.42,eve,auth,success,3963
2025-09-20T13:25:55Z,10.0.5.214,root,command,success,4188
2025-09-20T13:26:06Z,10.0.4.158,dave,connect,success,5540
2025-09-20T13:26:13Z,10.0.1.146,dave,connect,success,1659
2025-09-20T13:26:19Z,10.0.0.238,ops,auth,success,4103
2025-09-20T13:26:23Z,10.0.2.86,carol,command,success,5588
2025-09-20T13:26:25Z,10.0.4.140,alice,auth,success,1365
2025-09-20T13:26:30Z,10.0.0.133,dave,command,success,5786
2025-09-20T13:26:30Z,10.0.4.23,eve,command,success,1663
2025-09-20T13:26:33Z,10.0.4.40,dave,command,success,5112
2025-09-20T13:26:56Z,10.0.4.86,bob,auth,success,3034
2025-09-20T13:27:04Z,10.0.0.53,dave,command,success,4918
2025-09-20T13:27:14Z,10.0.0.193,bob,command,success,1073
2025-09-20T13:27:15Z,10.0.2.76,root,auth,success,3196
2025-09-20T13:27:16Z,10.0.3.244,eve,connect,success,2901
2025-09-20T13:27:17Z,10.0.2.187,eve,auth,success,5879
2025-09-20T13:27:25Z,10.0.1.33,carol,connect,success,4790
2025-09-20T13:27:31Z,10.0.0.151,dave,auth,success,3163
2025-09-20T13:27:35Z,10.0.4.168,root,auth,success,1887
2025-09-20T13:27:36Z,10.0.1.153,alice,auth,success,4652
2025-09-20T13:27:42Z,10.0.3.250,eve,auth,success,1902
2025-09-20T13:27:43Z,10.0.3.18,dave,command,success,5461
2025-09-20T13:27:44Z,10.0.3.76,alice,command,fail,1061
2025-09-20T13:27:45Z,10.0.4.196,carol,auth,success,3345
2025-09-20T13:27:46Z,10.0.4.252,carol,auth,success,667
2025-09-20T13:27:49Z,10.0.4.178,carol,command,success,1479
2025-09-20T13:27:50Z,10.0.2.50,carol,command,fail,3970
2025-09-20T13:27:52Z,10.0.0.116,dave,auth,success,5375
2025-09-20T13:28:02Z,10.0.3.21,dave,command,success,6305
2025-09-20T13:28:08Z,10.0.0.102,root,command,success,3699
2025-09-20T13:28:14Z,10.0.3.179,root,command,success,4876
2025-09-20T13:28:24Z,10.0.0.118,root,connect,success,4406
2025-09-20T13:28:26Z,10.0.5.134,carol,command,success,6306
2025-09-20T13:28:43Z,10.0.4.40,alice,connect,success,3281
2025-09-20T13:28:46Z,10.0.1.188,bob,command,fail,2831
2025-09-20T13:28:51Z,10.0.3.105,carol,command,success,2839
2025-09-20T13:28:51Z,10.0.1.161,bob,command,success,1676
2025-09-20T13:28:57Z,10.0.0.59,bob,command,success,6222
2025-09-20T13:29:00Z,10.0.3.158,dave,auth,success,5347
2025-09-20T13:29:07Z,10.0.3.143,ops,command,success,167
2025-09-20T13:29:09Z,10.0.1.24,bob,command,success,1550
2025-09-20T13:29:18Z,10.0.5.215,bob,command,success,4245
2025-09-20T13:29:25Z,10.0.1.126,ops,auth,fail,1745
2025-09-20T13:29:33Z,10.0.4.175,root,auth,success,3415
2025-09-20T13:29:33Z,10.0.3.198,eve,connect,success,2834
2025-09-20T13:29:50Z,10.0.3.62,ops,connect,success,5686
2025-09-20T13:30:08Z,10.0.2.177,bob,auth,success,3417
2025-09-20T13:30:09Z,10.0.5.182,bob,auth,success,6523
2025-09-20T13:30:11Z,10.0.0.39,carol,auth,success,5567
2025-09-20T13:30:11Z,10.0.3.70,ops,auth,success,5557
2025-09-20T13:30:17Z,10.0.2.49,eve,connect,success,6197
2025-09-20T13:30:27Z,10.0.3.161,alice,command,fail,535
2025-09-20T13:30:28Z,10.0.5.176,bob,command,success,5832
2025-09-20T13:30:29Z,10.0.1.7,bob,connect,success,393
2025-09-20T13:30:36Z,10.0.3.5,ops,auth,success,2990
2025-09-20T13:30:39Z,10.0.1.10,bob,connect,success,1061
2025-09-20T13:31:03Z,10.0.5.180,ops,command,success,2492
2025-09-20T13:31:20Z,10.0.1.187,carol,connect,success,6468
2025-09-20T13:31:25Z,10.0.3.3,alice,connect,success,5973
2025-09-20T13:31:31Z,10.0.2.220,bob,auth,success,430
2025-09-20T13:31:53Z,10.0.4.3,dave,connect,success,3833
2025-09-20T13:32:01Z,10.0.2.32,carol,command,success,3561
2025-09-20T13:32:08Z,10.0.5.40,alice,command,success,2595
2025-09-20T13:32:08Z,10.0.1.149,ops,command,success,4619
2025-09-20T13:32:22Z,10.0.1.156,root,command,success,3243
2025-09-20T13:32:23Z,10.0.3.29,ops,command,success,5400
2025-09-20T13:32:41Z,10.0.1.142,bob,command,success,5794
2025-09-20T13:32:43Z,10.0.4.184,dave,auth,success,4626
2025-09-20T13:32:45Z,10.0.4.51,dave,command,success,834
2025-09-20T13:32:50Z,10.0.2.106,eve,auth,success,717
2025-09-20T13:32:56Z,10.0.4.216,root,command,fail,2268
2025-09-20T13:32:58Z,10.0.4.35,alice,auth,success,3470
2025-09-20T13:33:02Z,10.0.2.160,ops,command,success,277
2025-09-20T13:33:18Z,10.0.4.215,carol,command,success,3986
2025-09-20T13:33:21Z,10.0.5.85,root,command,success,3916
2025-09-20T13:33:22Z,10.0.5.183,alice,command,success,3404
2025-09-20T13:33:25Z,10.0.0.54,eve,command,success,5241
2025-09-20T13:33:36Z,10.0.3.31,alice,connect,success,4053
2025-09-20T13:33:38Z,10.0.3.240,carol,auth,success,4560
2025-09-20T13:33:40Z,10.0.2.153,eve,auth,fail,5178
2025-09-20T13:33:49Z,10.0.4.186,bob,auth,success,2914
2025-09-20T13:33:57Z,10.0.5.124,dave,auth,fail,5456
2025-09-20T13:33:58Z,10.0.0.108,eve,connect,success,2116
2025-09-20T13:33:58Z,10.0.3.202,ops,auth,success,5997
2025-09-20T13:34:10Z,10.0.2.172,ops,command,success,2739
2025-09-20T13:34:35Z,10.0.5.184,dave,auth,success,1301
2025-09-20T13:34:59Z,10.0.4.42,dave,command,success,3314
2025-09-20T13:35:12Z,10.0.1.101,carol,command,success,6408
2025-09-20T13:35:18Z,10.0.0.48,bob,connect,success,1644
2025-09-20T13:35:22Z,10.0.2.64,root,command,success,956
2025-09-20T13:35:28Z,10.0.4.70,root,connect,success,3857
2025-09-20T13:35:33Z,10.0.5.244,alice,auth,success,1062
2025-09-20T13:35:35Z,10.0.5.109,carol,connect,success,2321
2025-09-20T13:35:37Z,10.0.4.83,alice,auth,success,950
2025-09-20T13:35:38Z,10.0.2.209,carol,connect,success,228
2025-09-20T13:35:45Z,10.0.4.112,alice,command,success,778
2025-09-20T13:35:46Z,10.0.3.226,ops,command,success,2833
2025-09-20T13:35:48Z,10.0.5.121,alice,connect,success,321
2025-09-20T13:35:50Z,10.0.3.183,eve,command,success,1662
2025-09-20T13:35:53Z,10.0.0.231,ops,auth,success,1188
2025-09-20T13:35:55Z,10.0.3.44,root,connect,success,3206
2025-09-20T13:36:13Z,10.0.4.200,alice,auth,success,1927
2025-09-20T13:36:15Z,10.0.0.58,root,auth,success,855
2025-09-20T13:36:22Z,10.0.4.148,ops,connect,success,4842
2025-09-20T13:36:38Z,10.0.2.81,eve,auth,success,4493
2025-09-20T13:37:12Z,10.0.0.243,carol,connect,success,554
2025-09-20T13:37:29Z,10.0.4.140,carol,command,success,2598
2025-09-20T13:37:33Z,10.0.5.115,bob,auth,success,1497
2025-09-20T13:37:44Z,10.0.5.66,ops,auth,success,4549
2025-09-20T13:37:45Z,10.0.2.78,eve,connect,success,4192
2025-09-20T13:38:06Z,10.0.5.144,ops,command,success,91
2025-09-20T13:38:09Z,10.0.0.228,dave,connect,success,727
2025-09-20T13:38:15Z,10.0.0.103,carol,connect,success,6482
2025-09-20T13:38:21Z,10.0.0.75,dave,auth,fail,2516
2025-09-20T13:38:40Z,10.0.1.238,alice,auth,success,1645
2025-09-20T13:38:43Z,10.0.0.162,alice,connect,success,2025
2025-09-20T13:38:43Z,10.0.1.114,root,command,success,3395
2025-09-20T13:38:58Z,10.0.3.66,eve,auth,success,6120
2025-09-20T13:39:08Z,10.0.2.95,carol,connect,fail,2672
2025-09-20T13:39:18Z,10.0.3.105,bob,command,success,1132
2025-09-20T13:39:19Z,10.0.4.27,ops,command,success,4618
2025-09-20T13:39:19Z,10.0.1.36,dave,connect,success,1946
2025-09-20T13:39:24Z,10.0.1.41,dave,connect,success,2284
2025-09-20T13:39:25Z,10.0.2.156,eve,connect,success,3069
2025-09-20T13:39:26Z,10.0.4.252,alice,command,success,1373
2025-09-20T13:39:32Z,10.0.3.136,dave,connect,success,6223
2025-09-20T13:39:39Z,10.0.2.95,eve,connect,success,370
2025-09-20T13:39:40Z,10.0.0.137,root,auth,success,2017
2025-09-20T13:39:45Z,10.0.4.154,root,connect,success,3852
2025-09-20T13:39:49Z,10.0.2.26,alice,connect,success,2473
2025-09-20T13:39:52Z,10.0.0.117,ops,auth,success,6238
2025-09-20T13:39:52Z,10.0.0.39,ops,connect,success,4779
2025-09-20T13:39:56Z,10.0.3.171,carol,connect,success,1429
2025-09-20T13:39:56Z,10.0.4.201,root,auth,success,3898
2025-09-20T13:39:57Z,10.0.2.134,dave,connect,success,4466
2025-09-20T13:39:59Z,10.0.5.254,carol,command,fail,681
2025-09-20T13:40:16Z,10.0.5.91,ops,connect,success,1184
2025-09-20T13:40:18Z,10.0.0.2,alice,command,success,3464
2025-09-20T13:40:37Z,10.0.1.42,carol,connect,success,3341
2025-09-20T13:40:43Z,10.0.5.82,dave,auth,fail,3900
2025-09-20T13:40:59Z,10.0.5.161,ops,command,success,4405
2025-09-20T13:41:11Z,10.0.0.50,alice,command,success,3865
2025-09-20T13:41:19Z,10.0.0.35,alice,command,success,1948
2025-09-20T13:41:19Z,10.0.0.2,eve,command,fail,1949
2025-09-20T13:41:27Z,10.0.3.236,carol,auth,success,972
2025-09-20T13:41:37Z,10.0.4.151,ops,command,success,6261
2025-09-20T13:41:45Z,10.0.2.138,bob,connect,success,1763
2025-09-20T13:41:59Z,10.0.0.110,bob,command,success,4971
2025-09-20T13:42:04Z,10.0.0.155,ops,command,success,4211
2025-09-20T13:42:28Z,10.0.3.74,bob,connect,success,6538
2025-09-20T13:42:41Z,10.0.0.90,dave,connect,success,4659
2025-09-20T13:42:50Z,10.0.1.130,root,connect,success,2512
2025-09-20T13:42:53Z,10.0.5.188,bob,command,success,5402
2025-09-20T13:42:53Z,10.0.2.202,dave,connect,success,1064
2025-09-20T13:42:58Z,10.0.5.87,alice,connect,success,3264
2025-09-20T13:43:02Z,10.0.5.33,alice,auth,success,4906
2025-09-20T13:43:03Z,10.0.1.241,carol,auth,success,1266
2025-09-20T13:43:07Z,10.0.1.209,carol,command,success,410
2025-09-20T13:43:12Z,10.0.1.23,alice,auth,success,2177
2025-09-20T13:43:12Z,10.0.3.33,eve,auth,success,4464
2025-09-20T13:43:18Z,10.0.3.165,ops,command,success,1674
2025-09-20T13:43:27Z,10.0.0.34,alice,command,success,4832
2025-09-20T13:43:32Z,10.0.3.93,alice,command,success,3733
2025-09-20T13:43:52Z,10.0.0.188,alice,command,success,550
2025-09-20T13:44:48Z,10.0.4.164,alice,command,success,6518
2025-09-20T13:45:04Z,10.0.0.209,root,connect,success,4521
2025-09-20T13:45:04Z,10.0.1.98,dave,connect,success,6341
2025-09-20T13:45:15Z,10.0.0.105,eve,command,success,6354
2025-09-20T13:45:17Z,10.0.0.238,ops,auth,success,3678
2025-09-20T13:45:18Z,10.0.4.237,root,auth,success,2385
2025-09-20T13:45:20Z,10.0.2.172,ops,connect,success,2363
2025-09-20T13:45:20Z,10.0.5.244,alice,auth,fail,4351
2025-09-20T13:45:28Z,10.0.4.109,dave,command,fail,6255
2025-09-20T13:45:30Z,10.0.4.176,eve,auth,success,5407
2025-09-20T13:45:31Z,10.0.0.246,ops,auth,success,4813
2025-09-20T13:45:41Z,10.0.4.86,ops,auth,success,5955
2025-09-20T13:45:54Z,10.0.1.19,ops,connect,success,4773
2025-09-20T13:46:06Z,10.0.5.215,bob,auth,fail,1990
2025-09-20T13:46:12Z,10.0.1.25,eve,connect,success,1036
2025-09-20T13:46:27Z,10.0.5.203,eve,connect,success,2478
2025-09-20T13:46:43Z,10.0.3.168,alice,connect,success,5260
2025-09-20T13:46:45Z,10.0.5.131,alice,command,success,1766
2025-09-20T13:46:46Z,10.0.2.247,dave,auth,fail,2012
2025-09-20T13:46:46Z,10.0.4.136,alice,auth,success,6386
2025-09-20T13:46:48Z,10.0.5.174,carol,auth,success,1860
2025-09-20T13:46:52Z,10.0.0.131,alice,connect,success,6016
2025-09-20T13:46:57Z,10.0.5.97,eve,connect,success,2599
2025-09-20T13:46:58Z,10.0.2.83,alice,command,success,5700
2025-09-20T13:47:03Z,10.0.3.75,dave,auth,success,5276
2025-09-20T13:47:04Z,10.0.2.18,dave,auth,success,5959
2025-09-20T13:47:11Z,10.0.5.17,bob,connect,success,2595
2025-09-20T13:47:30Z,10.0.5.228,dave,auth,fail,701
2025-09-20T13:47:31Z,10.0.4.63,eve,command,success,957
2025-09-20T13:47:38Z,10.0.1.229,alice,command,success,1130
2025-09-20T13:47:47Z,10.0.5.187,root,auth,success,174
2025-09-20T13:47:52Z,10.0.5.102,ops,auth,success,2325
2025-09-20T13:48:09Z,10.0.5.182,ops,command,success,2906
2025-09-20T13:48:19Z,10.0.4.231,bob,connect,success,3577
2025-09-20T13:48:22Z,10.0.1.201,alice,auth,success,2802
2025-09-20T13:48:37Z,10.0.2.196,eve,command,success,2928
2025-09-20T13:48:39Z,10.0.4.205,root,auth,success,1710
2025-09-20T13:48:46Z,10.0.2.119,bob,auth,success,702
2025-09-20T13:48:48Z,10.0.5.86,carol,connect,success,4585
2025-09-20T13:48:54Z,10.0.2.31,carol,auth,success,811
2025-09-20T13:48:55Z,10.0.4.55,dave,auth,success,4102
2025-09-20T13:49:10Z,10.0.0.203,bob,connect,success,5582
2025-09-20T13:49:19Z,10.0.2.107,ops,connect,success,3085
2025-09-20T13:49:23Z,10.0.4.239,ops,auth,success,4835
2025-09-20T13:49:29Z,10.0.3.246,eve,connect,success,1343
2025-09-20T13:49:42Z,10.0.0.12,ops,connect,success,1718
2025-09-20T13:49:49Z,10.0.1.140,ops,auth,success,1118
2025-09-20T13:49:51Z,10.0.2.49,eve,auth,success,279
2025-09-20T13:50:00Z,10.0.0.225,ops,command,success,1580
2025-09-20T13:50:07Z,10.0.4.100,alice,auth,success,2572
2025-09-20T13:50:14Z,10.0.5.68,carol,command,success,6520
2025-09-20T13:50:27Z,10.0.4.185,root,command,success,3004
2025-09-20T13:50:29Z,10.0.3.52,carol,connect,success,3019
2025-09-20T13:50:35Z,10.0.0.17,dave,auth,fail,5793
2025-09-20T13:50:36Z,10.0.0.5,ops,connect,success,5423
2025-09-20T13:50:43Z,10.0.1.254,bob,connect,success,4403
2025-09-20T13:50:50Z,10.0.4.104,eve,command,success,1175
2025-09-20T13:51:05Z,10.0.0.243,bob,command,success,6008
2025-09-20T13:51:10Z,10.0.0.121,eve,connect,success,4174
2025-09-20T13:51:14Z,10.0.0.34,carol,auth,success,3642
2025-09-20T13:51:30Z,10.0.3.248,alice,auth,success,594
2025-09-20T13:51:35Z,10.0.4.78,bob,connect,success,6138
2025-09-20T13:51:43Z,10.0.2.228,bob,connect,success,2302
2025-09-20T13:51:49Z,10.0.4.239,eve,auth,success,3472
2025-09-20T13:51:55Z,10.0.1.53,eve,connect,success,259
2025-09-20T13:52:31Z,10.0.4.213,eve,connect,success,1974
2025-09-20T13:52:41Z,10.0.2.219,ops,command,success,6341
2025-09-20T13:53:04Z,10.0.2.252,alice,auth,success,6510
2025-09-20T13:53:07Z,10.0.0.182,alice,connect,success,1932
2025-09-20T13:53:09Z,10.0.2.79,ops,connect,success,4357
2025-09-20T13:53:12Z,10.0.3.91,ops,connect,success,5441
2025-09-20T13:53:32Z,10.0.2.30,bob,connect,success,3385
2025-09-20T13:53:37Z,10.0.0.10,alice,auth,success,3405
2025-09-20T13:53:49Z,10.0.1.121,root,connect,success,74
2025-09-20T13:53:55Z,10.0.2.69,dave,connect,fail,1219
2025-09-20T13:53:56Z,10.0.4.18,bob,command,success,5528
2025-09-20T13:54:21Z,10.0.1.21,eve,connect,success,4315
2025-09-20T13:54:25Z,10.0.1.27,bob,auth,success,1342
2025-09-20T13:54:34Z,10.0.5.240,eve,command,success,3445
2025-09-20T13:54:35Z,10.0.2.123,root,connect,success,422
2025-09-20T13:54:51Z,10.0.5.151,bob,command,success,5852
2025-09-20T13:54:56Z,10.0.3.183,carol,auth,success,3774
2025-09-20T13:55:09Z,10.0.5.185,eve,auth,success,3216
2025-09-20T13:55:12Z,10.0.2.109,carol,auth,success,1776
2025-09-20T13:55:12Z,10.0.3.27,carol,command,success,2905
2025-09-20T13:55:17Z,10.0.1.205,carol,command,success,2265
2025-09-20T13:55:18Z,10.0.3.36,bob,auth,success,5984
2025-09-20T13:55:24Z,10.0.5.221,carol,connect,success,3464
2025-09-20T13:55:28Z,10.0.3.189,dave,command,success,4634
2025-09-20T13:55:29Z,10.0.3.168,alice,command,fail,2899
2025-09-20T13:55:37Z,10.0.3.238,eve,auth,success,6236
2025-09-20T13:55:57Z,10.0.3.243,carol,connect,success,2757
2025-09-20T13:56:02Z,10.0.2.63,ops,command,success,83
2025-09-20T13:56:04Z,10.0.3.207,bob,connect,success,65
2025-09-20T13:56:10Z,10.0.2.132,alice,auth,success,4027
2025-09-20T13:56:15Z,10.0.1.129,eve,command,success,3176
2025-09-20T13:56:19Z,10.0.5.246,carol,command,success,3022
2025-09-20T13:56:20Z,10.0.2.124,ops,command,success,3242
2025-09-20T13:56:34Z,10.0.0.110,root,auth,success,1136
2025-09-20T13:56:37Z,10.0.0.114,root,auth,success,791
2025-09-20T13:56:37Z,10.0.1.155,eve,connect,success,3868
2025-09-20T13:56:39Z,10.0.5.94,ops,command,success,1348
2025-09-20T13:56:44Z,10.0.0.76,root,connect,success,4075
2025-09-20T13:57:01Z,10.0.2.98,ops,connect,success,5947
2025-09-20T13:57:07Z,10.0.0.59,ops,auth,success,6269
2025-09-20T13:57:17Z,10.0.5.66,carol,command,success,1028
2025-09-20T13:57:28Z,10.0.0.217,carol,command,success,3284
2025-09-20T13:57:30Z,10.0.5.18,dave,command,fail,5042
2025-09-20T13:57:42Z,10.0.2.77,dave,auth,success,2125
2025-09-20T13:57:48Z,10.0.4.55,carol,connect,fail,1696
2025-09-20T13:58:02Z,10.0.1.68,root,command,success,3937
2025-09-20T13:58:06Z,10.0.4.96,bob,auth,success,1845
2025-09-20T13:58:07Z,10.0.4.15,eve,connect,success,294
2025-09-20T13:58:10Z,10.0.2.61,alice,connect,success,4799
2025-09-20T13:58:12Z,10.0.3.101,root,command,success,3528
2025-09-20T13:58:15Z,10.0.2.87,bob,connect,success,5891
2025-09-20T13:58:15Z,10.0.5.20,alice,auth,success,3078
2025-09-20T13:58:23Z,10.0.2.20,eve,auth,success,235
2025-09-20T13:58:24Z,10.0.3.33,carol,auth,success,3637
2025-09-20T13:58:27Z,10.0.3.61,eve,command,success,1729
2025-09-20T13:58:40Z,10.0.5.136,carol,auth,success,4968
2025-09-20T13:58:40Z,10.0.0.30,carol,command,success,4898
2025-09-20T13:58:42Z,10.0.2.170,carol,command,success,4737
2025-09-20T13:58:44Z,10.0.0.168,dave,auth,success,3864
2025-09-20T13:58:44Z,10.0.5.229,ops,connect,fail,3571
2025-09-20T13:59:15Z,10.0.5.198,carol,connect,success,1693
2025-09-20T13:59:22Z,10.0.3.86,dave,connect,success,3620
2025-09-20T13:59:29Z,10.0.0.132,bob,auth,success,4759
2025-09-20T13:59:40Z,10.0.4.123,bob,connect,success,3457
2025-09-20T13:59:55Z,10.0.4.254,eve,auth,success,4789
2025-09-20T13:59:59Z,10.0.3.19,carol,connect,success,4437
2025-09-20T14:00:03Z,10.0.5.119,dave,auth,fail,4921
2025-09-20T14:00:05Z,10.0.1.209,bob,auth,fail,1132
2025-09-20T14:00:16Z,10.0.1.165,bob,auth,success,314
2025-09-20T14:00:17Z,10.0.3.207,carol,command,success,5399
2025-09-20T14:00:18Z,10.0.4.171,alice,auth,success,2359
2025-09-20T14:00:20Z,10.0.4.230,ops,connect,success,3166
2025-09-20T14:00:22Z,10.0.3.231,dave,auth,success,51
2025-09-20T14:00:22Z,10.0.0.176,dave,auth,success,980
2025-09-20T14:00:32Z,10.0.0.59,alice,auth,success,4799
2025-09-20T14:00:35Z,10.0.1.177,eve,connect,success,4933
2025-09-20T14:00:43Z,10.0.1.93,carol,auth,success,1353
2025-09-20T14:00:45Z,10.0.0.234,eve,auth,success,3574
2025-09-20T14:00:57Z,10.0.3.126,alice,command,success,3923
2025-09-20T14:01:11Z,10.0.0.55,eve,connect,success,5874
2025-09-20T14:01:12Z,10.0.0.182,dave,auth,success,4196
2025-09-20T14:01:12Z,10.0.4.144,ops,connect,fail,2125
2025-09-20T14:01:15Z,10.0.3.85,dave,command,success,1927
2025-09-20T14:01:17Z,10.0.2.220,dave,connect,success,2681
2025-09-20T14:01:17Z,10.0.4.134,bob,command,success,1972
2025-09-20T14:01:24Z,10.0.5.159,bob,auth,success,5867
2025-09-20T14:01:24Z,10.0.1.228,alice,auth,success,6196
2025-09-20T14:01:29Z,10.0.0.115,bob,connect,success,417
2025-09-20T14:01:29Z,10.0.3.63,root,command,success,4645
2025-09-20T14:01:35Z,10.0.0.235,dave,connect,success,1502
2025-09-20T14:01:38Z,10.0.5.52,eve,connect,fail,5509
2025-09-20T14:01:40Z,10.0.5.64,carol,connect,success,3347
2025-09-20T14:02:12Z,10.0.5.39,eve,connect,success,2141
2025-09-20T14:02:15Z,10.0.1.65,ops,auth,success,358
2025-09-20T14:02:30Z,10.0.3.25,bob,auth,success,1140
2025-09-20T14:02:33Z,10.0.1.42,carol,connect,success,3348
2025-09-20T14:02:53Z,10.0.1.211,root,command,success,6404
2025-09-20T14:02:57Z,10.0.5.111,ops,auth,success,3991
2025-09-20T14:03:01Z,10.0.0.236,ops,connect,success,3720
2025-09-20T14:03:02Z,10.0.2.156,eve,command,success,2348
2025-09-20T14:03:14Z,10.0.2.142,carol,auth,success,301
2025-09-20T14:03:18Z,10.0.1.84,eve,command,success,2355
2025-09-20T14:03:23Z,10.0.3.171,ops,auth,success,4370
2025-09-20T14:03:23Z,10.0.3.219,eve,connect,success,1591
2025-09-20T14:03:24Z,10.0.5.7,bob,connect,success,3599
2025-09-20T14:03:26Z,10.0.2.102,eve,command,success,5332
2025-09-20T14:03:27Z,10.0.0.13,ops,command,success,3470
2025-09-20T14:03:33Z,10.0.3.160,alice,auth,success,2242
2025-09-20T14:03:53Z,10.0.4.169,dave,command,success,941
2025-09-20T14:03:57Z,10.0.0.61,dave,command,success,4297
2025-09-20T14:04:05Z,10.0.3.171,eve,connect,success,3467
2025-09-20T14:04:06Z,10.0.2.101,eve,command,success,2727
2025-09-20T14:04:14Z,10.0.4.118,eve,command,success,4217
2025-09-20T14:04:20Z,10.0.3.161,dave,auth,success,3265
2025-09-20T14:04:36Z,10.0.5.17,eve,command,success,2922
2025-09-20T14:04:41Z,10.0.2.253,ops,connect,success,4346
2025-09-20T14:04:43Z,10.0.3.148,carol,command,success,701
2025-09-20T14:04:43Z,10.0.4.204,carol,command,success,974
2025-09-20T14:04:45Z,10.0.5.185,root,auth,success,517
2025-09-20T14:04:45Z,10.0.1.207,dave,connect,success,4087
2025-09-20T14:04:48Z,10.0.5.169,alice,connect,success,5598
2025-09-20T14:05:03Z,10.0.0.185,bob,auth,success,3830
2025-09-20T14:05:08Z,10.0.2.157,alice,command,success,1889
2025-09-20T14:05:09Z,10.0.3.230,dave,connect,success,4139
2025-09-20T14:05:10Z,10.0.2.175,root,command,success,3568
2025-09-20T14:05:21Z,10.0.5.128,root,auth,success,2619
2025-09-20T14:05:34Z,10.0.2.247,bob,connect,success,1600
2025-09-20T14:06:01Z,10.0.4.68,eve,command,fail,1780
2025-09-20T14:06:01Z,10.0.2.18,alice,command,success,1498
2025-09-20T14:06:05Z,10.0.3.119,bob,auth,success,905
2025-09-20T14:06:17Z,10.0.3.109,alice,auth,fail,6285
2025-09-20T14:06:20Z,10.0.5.188,ops,command,success,467
2025-09-20T14:06:22Z,10.0.1.206,bob,command,success,1204
2025-09-20T14:06:31Z,10.0.1.18,alice,auth,success,6547
2025-09-20T14:06:33Z,10.0.3.129,root,auth,success,5856
2025-09-20T14:06:34Z,10.0.4.204,carol,command,success,4108
2025-09-20T14:06:40Z,10.0.3.38,bob,connect,success,441
2025-09-20T14:06:51Z,10.0.5.246,ops,command,success,2678
2025-09-20T14:06:59Z,10.0.5.176,alice,auth,success,1982
2025-09-20T14:07:00Z,10.0.3.105,alice,connect,success,6508
2025-09-20T14:07:14Z,10.0.5.95,carol,connect,success,4561
2025-09-20T14:07:20Z,10.0.1.98,alice,auth,success,4588
2025-09-20T14:07:25Z,10.0.4.133,bob,command,success,2402
2025-09-20T14:07:38Z,10.0.0.186,root,auth,success,4016
2025-09-20T14:07:48Z,10.0.3.240,bob,connect,success,3842
2025-09-20T14:07:50Z,10.0.4.233,root,command,success,58
2025-09-20T14:07:50Z,10.0.2.37,ops,connect,success,2289
2025-09-20T14:08:11Z,10.0.5.88,ops,command,success,4148
2025-09-20T14:08:12Z,10.0.4.91,carol,connect,success,3944
2025-09-20T14:08:19Z,10.0.3.211,root,command,success,3269
2025-09-20T14:08:24Z,10.0.3.158,eve,command,success,159
2025-09-20T14:08:38Z,10.0.0.240,dave,command,success,1719
2025-09-20T14:08:38Z,10.0.0.142,ops,connect,success,1170
2025-09-20T14:08:51Z,10.0.3.31,alice,auth,success,5408
2025-09-20T14:08:52Z,10.0.0.186,bob,connect,success,4647
2025-09-20T14:09:08Z,10.0.1.229,carol,connect,success,1343
2025-09-20T14:09:10Z,10.0.1.230,alice,auth,success,1269
2025-09-20T14:09:28Z,10.0.4.216,bob,auth,fail,3515
2025-09-20T14:09:33Z,10.0.1.169,root,command,success,4832
2025-09-20T14:09:46Z,10.0.3.223,ops,connect,success,4560
2025-09-20T14:09:52Z,10.0.3.253,root,command,success,3292
2025-09-20T14:09:53Z,10.0.0.2,root,auth,success,4096
2025-09-20T14:09:55Z,10.0.4.69,alice,command,success,4022
2025-09-20T14:10:00Z,10.0.2.38,bob,auth,success,4850
2025-09-20T14:10:06Z,10.0.1.64,carol,auth,success,1951
2025-09-20T14:10:12Z,10.0.3.66,bob,auth,success,5343
2025-09-20T14:10:16Z,10.0.2.174,root,auth,success,3441
2025-09-20T14:10:21Z,10.0.0.203,root,connect,success,5387
2025-09-20T14:10:27Z,10.0.2.133,ops,command,fail,4501
2025-09-20T14:10:32Z,10.0.0.43,dave,connect,success,5395
2025-09-20T14:10:36Z,10.0.3.147,carol,connect,success,610
2025-09-20T14:10:41Z,10.0.1.224,root,connect,success,6100
2025-09-20T14:10:45Z,10.0.4.175,bob,auth,success,4522
2025-09-20T14:10:47Z,10.0.4.157,eve,command,success,3727
2025-09-20T14:11:03Z,10.0.4.6,alice,connect,success,1457
2025-09-20T14:11:08Z,10.0.5.219,dave,command,success,1531
2025-09-20T14:11:10Z,10.0.4.203,dave,command,success,120
2025-09-20T14:11:11Z,10.0.5.245,eve,connect,success,1725
2025-09-20T14:11:12Z,10.0.5.206,eve,connect,success,6292
2025-09-20T14:11:17Z,10.0.3.168,alice,connect,success,793
2025-09-20T14:11:18Z,10.0.3.114,ops,connect,success,1914
2025-09-20T14:11:23Z,10.0.0.58,eve,command,fail,2872
2025-09-20T14:11:26Z,10.0.2.71,eve,auth,success,717
2025-09-20T14:11:31Z,10.0.5.231,dave,command,success,2053
2025-09-20T14:11:38Z,10.0.4.152,bob,auth,success,777
2025-09-20T14:11:51Z,10.0.3.174,alice,command,success,1640
2025-09-20T14:11:53Z,10.0.1.203,root,auth,success,4057
2025-09-20T14:11:57Z,10.0.1.206,dave,command,success,217
2025-09-20T14:11:59Z,10.0.3.114,dave,connect,success,184
2025-09-20T14:12:00Z,10.0.3.218,eve,connect,success,1223
2025-09-20T14:12:03Z,10.0.3.6,eve,auth,success,5803
2025-09-20T14:12:04Z,10.0.0.44,bob,auth,success,4819
2025-09-20T14:12:06Z,10.0.0.234,bob,auth,success,3694
2025-09-20T14:12:07Z,10.0.0.56,carol,connect,success,243
2025-09-20T14:12:09Z,10.0.3.146,ops,auth,success,4099
2025-09-20T14:12:16Z,10.0.5.221,eve,connect,fail,5561
2025-09-20T14:12:37Z,10.0.1.165,bob,command,fail,3366
2025-09-20T14:13:00Z,10.0.2.245,carol,connect,success,2912
2025-09-20T14:13:01Z,10.0.1.8,eve,auth,success,1077
2025-09-20T14:13:02Z,10.0.5.203,eve,connect,success,3642
2025-09-20T14:13:05Z,10.0.1.72,carol,auth,success,5153
2025-09-20T14:13:22Z,10.0.0.14,dave,auth,success,3934
2025-09-20T14:13:39Z,10.0.1.113,root,connect,success,6212
2025-09-20T14:13:45Z,10.0.1.242,alice,connect,success,1375
2025-09-20T14:13:54Z,10.0.0.193,alice,command,success,5068
2025-09-20T14:13:57Z,10.0.5.132,alice,connect,success,3117
2025-09-20T14:14:05Z,10.0.3.50,carol,auth,fail,6511
2025-09-20T14:14:22Z,10.0.1.16,dave,connect,success,5921
2025-09-20T14:14:26Z,10.0.0.133,carol,command,success,977
2025-09-20T14:14:31Z,10.0.4.66,alice,auth,success,550
2025-09-20T14:14:33Z,10.0.2.135,ops,connect,success,2606
2025-09-20T14:14:40Z,10.0.4.149,alice,command,success,3817
2025-09-20T14:14:42Z,10.0.4.113,eve,connect,success,5635
2025-09-20T14:14:43Z,10.0.5.68,root,command,success,302
2025-09-20T14:14:48Z,10.0.5.229,eve,command,success,6032
2025-09-20T14:14:55Z,10.0.2.148,alice,connect,success,582
2025-09-20T14:14:58Z,10.0.3.71,bob,command,fail,282
2025-09-20T14:14:59Z,10.0.0.207,dave,connect,success,1269
2025-09-20T14:15:06Z,10.0.0.152,carol,command,fail,5703
2025-09-20T14:15:11Z,10.0.0.51,dave,connect,success,3462
2025-09-20T14:15:16Z,10.0.1.140,ops,auth,success,2850
2025-09-20T14:15:20Z,10.0.0.18,ops,command,success,5933
2025-09-20T14:15:33Z,10.0.0.59,alice,command,success,3802
2025-09-20T14:15:37Z,10.0.2.24,root,connect,success,1720
2025-09-20T14:15:39Z,10.0.2.246,eve,connect,success,1573
2025-09-20T14:15:41Z,10.0.4.140,carol,connect,success,1802
2025-09-20T14:15:42Z,10.0.4.40,eve,connect,success,5623
2025-09-20T14:15:45Z,10.0.1.110,dave,command,success,4147
2025-09-20T14:15:48Z,10.0.3.108,dave,connect,success,98
2025-09-20T14:15:50Z,10.0.5.163,ops,connect,success,5564
2025-09-20T14:15:57Z,10.0.0.80,carol,command,success,6343
2025-09-20T14:16:13Z,10.0.2.54,dave,command,success,1823
2025-09-20T14:16:14Z,10.0.4.93,eve,connect,success,2489
2025-09-20T14:16:17Z,10.0.2.26,alice,auth,success,1275
2025-09-20T14:16:24Z,10.0.4.107,carol,command,success,2343
2025-09-20T14:16:26Z,10.0.5.249,alice,auth,success,6526
2025-09-20T14:16:27Z,10.0.1.164,bob,auth,success,1604
2025-09-20T14:16:28Z,10.0.3.126,dave,auth,success,5422
2025-09-20T14:16:47Z,10.0.3.122,root,auth,success,2755
2025-09-20T14:16:55Z,10.0.3.242,eve,command,fail,3807
2025-09-20T14:16:56Z,10.0.5.213,root,connect,success,1299
2025-09-20T14:17:06Z,10.0.4.114,ops,auth,success,916
2025-09-20T14:17:07Z,10.0.1.152,alice,connect,success,2549
2025-09-20T14:17:10Z,10.0.4.155,alice,command,fail,1614
2025-09-20T14:17:15Z,10.0.5.36,dave,auth,success,5110
2025-09-20T14:17:16Z,10.0.4.251,ops,auth,success,3289
2025-09-20T14:17:29Z,10.0.4.115,carol,auth,success,3118
2025-09-20T14:17:39Z,10.0.4.6,alice,command,success,3451
2025-09-20T14:17:41Z,10.0.4.51,dave,connect,success,31
2025-09-20T14:17:45Z,10.0.4.114,root,command,success,2675
2025-09-20T14:17:46Z,10.0.0.114,alice,auth,success,3259
2025-09-20T14:17:50Z,10.0.0.220,root,command,success,3604
2025-09-20T14:18:03Z,10.0.2.137,ops,auth,success,1844
2025-09-20T14:18:17Z,10.0.5.6,dave,command,success,4206
2025-09-20T14:18:19Z,10.0.4.225,alice,auth,success,2002
2025-09-20T14:18:28Z,10.0.2.110,carol,command,success,2337
2025-09-20T14:18:31Z,10.0.1.248,ops,connect,success,1402
2025-09-20T14:18:37Z,10.0.0.38,carol,command,success,67
2025-09-20T14:18:38Z,10.0.2.170,dave,command,success,3941
2025-09-20T14:18:49Z,10.0.1.23,eve,command,success,1956
2025-09-20T14:18:56Z,10.0.1.225,eve,connect,success,4614
2025-09-20T14:19:00Z,10.0.4.66,carol,connect,success,5459
2025-09-20T14:19:00Z,10.0.4.168,carol,auth,success,1734
2025-09-20T14:19:12Z,10.0.2.194,bob,command,success,622
2025-09-20T14:19:25Z,10.0.0.161,ops,connect,success,2742
2025-09-20T14:19:30Z,10.0.3.105,carol,command,success,4170
2025-09-20T14:19:37Z,10.0.0.211,eve,command,fail,2222
2025-09-20T14:19:43Z,10.0.4.36,ops,connect,success,933
2025-09-20T14:19:47Z,10.0.2.237,alice,command,success,3029
2025-09-20T14:19:50Z,10.0.0.39,carol,connect,success,510
2025-09-20T14:19:58Z,10.0.3.169,root,auth,success,282
2025-09-20T14:20:00Z,10.0.3.114,carol,command,success,406
2025-09-20T14:20:02Z,10.0.0.147,root,connect,success,3832
2025-09-20T14:20:15Z,10.0.2.35,eve,auth,success,3176
2025-09-20T14:20:28Z,10.0.3.214,dave,connect,success,3937
2025-09-20T14:20:38Z,10.0.0.35,alice,connect,success,1701
2025-09-20T14:20:48Z,10.0.4.241,ops,command,success,5371
2025-09-20T14:21:07Z,10.0.0.51,ops,connect,success,36
2025-09-20T14:21:30Z,10.0.3.218,dave,connect,success,1104
2025-09-20T14:21:53Z,10.0.3.229,ops,command,success,2933
2025-09-20T14:21:56Z,10.0.3.65,carol,auth,success,773
2025-09-20T14:22:05Z,10.0.0.192,root,command,fail,2377
2025-09-20T14:22:17Z,10.0.5.171,ops,connect,success,6185
2025-09-20T14:22:25Z,10.0.5.246,root,auth,success,5715
2025-09-20T14:22:27Z,10.0.1.30,ops,auth,success,1343
2025-09-20T14:22:31Z,10.0.3.254,bob,command,success,1508
2025-09-20T14:22:37Z,10.0.5.223,carol,connect,success,3894
2025-09-20T14:22:44Z,10.0.2.97,carol,auth,success,3621
2025-09-20T14:22:44Z,10.0.2.34,ops,connect,success,6496
2025-09-20T14:22:50Z,10.0.4.34,eve,command,success,5462
2025-09-20T14:22:51Z,10.0.3.76,bob,auth,success,2329
2025-09-20T14:22:58Z,10.0.2.175,root,auth,success,5740
2025-09-20T14:23:19Z,10.0.0.95,ops,connect,success,2900
2025-09-20T14:23:22Z,10.0.3.57,eve,auth,success,778
2025-09-20T14:23:30Z,10.0.5.33,dave,connect,success,4762
2025-09-20T14:23:36Z,10.0.5.41,carol,command,success,1764
2025-09-20T14:23:41Z,10.0.2.101,eve,auth,success,5150
2025-09-20T14:23:42Z,10.0.1.165,root,command,success,3166
2025-09-20T14:24:02Z,10.0.0.127,root,auth,success,3528
2025-09-20T14:24:02Z,10.0.0.73,alice,connect,success,2361
2025-09-20T14:24:05Z,10.0.3.38,carol,command,success,1728
2025-09-20T14:24:06Z,10.0.3.80,ops,auth,success,1315
2025-09-20T14:24:29Z,10.0.1.94,bob,connect,success,3252
2025-09-20T14:24:34Z,10.0.2.172,carol,auth,success,2580
2025-09-20T14:24:40Z,10.0.1.111,carol,auth,success,245
2025-09-20T14:25:11Z,10.0.3.24,carol,connect,success,5700
2025-09-20T14:25:13Z,10.0.3.153,eve,command,fail,1037
2025-09-20T14:25:23Z,10.0.5.7,bob,command,success,1663
2025-09-20T14:25:26Z,10.0.4.215,root,auth,success,2107
2025-09-20T14:25:39Z,10.0.3.141,eve,auth,success,455
2025-09-20T14:25:45Z,10.0.5.133,carol,command,success,3340
2025-09-20T14:25:47Z,10.0.1.13,eve,auth,success,1344
2025-09-20T14:25:53Z,10.0.3.26,alice,auth,success,165
2025-09-20T14:25:54Z,10.0.2.250,dave,command,success,5839
2025-09-20T14:26:09Z,10.0.3.102,eve,command,success,4689
2025-09-20T14:26:11Z,10.0.1.53,carol,connect,success,6243
2025-09-20T14:26:15Z,10.0.4.14,ops,command,success,4570
2025-09-20T14:26:23Z,10.0.5.195,bob,connect,success,3793
2025-09-20T14:26:24Z,10.0.3.221,ops,connect,success,3926
2025-09-20T14:26:26Z,10.0.0.39,dave,connect,success,4661
2025-09-20T14:26:30Z,10.0.4.148,eve,auth,success,5745
2025-09-20T14:26:31Z,10.0.1.156,root,command,success,945
2025-09-20T14:26:31Z,10.0.2.84,bob,command,success,6069
2025-09-20T14:27:03Z,10.0.0.118,alice,connect,success,3444
2025-09-20T14:27:23Z,10.0.1.26,dave,auth,success,492
2025-09-20T14:27:29Z,10.0.0.239,alice,command,success,770
2025-09-20T14:27:33Z,10.0.5.63,carol,connect,success,3252
2025-09-20T14:27:33Z,10.0.1.139,eve,connect,success,2701
2025-09-20T14:27:39Z,10.0.0.83,dave,auth,success,1278
2025-09-20T14:27:39Z,10.0.0.250,alice,command,fail,4371
2025-09-20T14:27:50Z,10.0.2.241,dave,command,success,3704
2025-09-20T14:27:57Z,10.0.5.244,alice,connect,success,5835
2025-09-20T14:27:59Z,10.0.4.53,alice,command,success,3158
2025-09-20T14:28:03Z,10.0.4.22,root,command,success,1600
2025-09-20T14:28:09Z,10.0.3.101,bob,auth,success,6049
2025-09-20T14:28:10Z,10.0.4.189,ops,auth,success,2702
2025-09-20T14:28:18Z,10.0.0.155,dave,connect,success,395
2025-09-20T14:28:20Z,10.0.5.18,eve,command,success,2766
2025-09-20T14:28:22Z,10.0.4.212,bob,auth,success,1676
2025-09-20T14:28:24Z,10.0.0.69,dave,auth,success,2480
2025-09-20T14:28:27Z,10.0.1.35,alice,connect,success,3084
2025-09-20T14:28:37Z,10.0.0.8,carol,command,success,480
2025-09-20T14:28:45Z,10.0.0.204,dave,auth,success,4414
2025-09-20T14:28:49Z,10.0.5.179,carol,auth,success,124
2025-09-20T14:28:53Z,10.0.1.66,root,command,success,254
2025-09-20T14:29:00Z,10.0.4.207,bob,connect,success,5327
2025-09-20T14:29:00Z,10.0.5.225,root,command,success,3196
2025-09-20T14:29:02Z,10.0.0.103,ops,connect,success,2455
2025-09-20T14:29:06Z,10.0.0.185,alice,auth,success,5352
2025-09-20T14:29:10Z,10.0.0.6,ops,auth,success,4234
2025-09-20T14:29:23Z,10.0.0.12,alice,connect,success,5802
2025-09-20T14:29:25Z,10.0.0.107,eve,auth,success,2240
2025-09-20T14:29:41Z,10.0.5.113,ops,auth,success,598
2025-09-20T14:29:42Z,10.0.5.196,root,command,success,135
2025-09-20T14:29:54Z,10.0.4.143,ops,command,fail,624
2025-09-20T14:29:59Z,10.0.5.133,bob,command,success,5857
2025-09-20T14:30:04Z,10.0.1.249,dave,auth,success,3284
2025-09-20T14:30:06Z,10.0.3.210,dave,command,success,1520
2025-09-20T14:30:08Z,10.0.3.139,alice,connect,success,2944
2025-09-20T14:30:17Z,10.0.0.71,eve,command,success,1396
2025-09-20T14:30:19Z,10.0.1.62,bob,connect,success,1564
2025-09-20T14:30:25Z,10.0.5.173,carol,command,success,3434
2025-09-20T14:30:29Z,10.0.5.95,bob,command,success,590
2025-09-20T14:30:30Z,10.0.4.121,dave,connect,success,6258
2025-09-20T14:30:33Z,10.0.3.236,root,auth,success,3701
2025-09-20T14:30:48Z,10.0.1.223,ops,connect,fail,4205
2025-09-20T14:30:53Z,10.0.4.249,root,command,success,5336
2025-09-20T14:30:54Z,10.0.2.156,eve,auth,success,2709
2025-09-20T14:30:55Z,10.0.5.175,ops,auth,success,1734
2025-09-20T14:30:58Z,10.0.0.59,bob,connect,success,914
2025-09-20T14:31:04Z,10.0.1.10,bob,auth,success,1093
2025-09-20T14:31:09Z,10.0.5.44,root,connect,success,3144
2025-09-20T14:31:10Z,10.0.2.57,carol,command,success,3148
2025-09-20T14:31:13Z,10.0.1.89,eve,auth,success,3039
2025-09-20T14:31:13Z,10.0.1.193,alice,command,success,1210
2025-09-20T14:31:13Z,10.0.4.78,eve,command,success,5997
2025-09-20T14:31:20Z,10.0.1.43,root,connect,success,3593
2025-09-20T14:31:21Z,10.0.2.99,alice,auth,success,1659
2025-09-20T14:31:24Z,10.0.2.51,ops,connect,success,3625
2025-09-20T14:31:36Z,10.0.5.192,bob,command,success,6362
2025-09-20T14:31:37Z,10.0.0.52,carol,connect,success,5906
2025-09-20T14:32:06Z,10.0.3.240,eve,connect,success,756
2025-09-20T14:32:06Z,10.0.3.181,eve,connect,success,3472
2025-09-20T14:32:26Z,10.0.3.208,alice,connect,success,6095
2025-09-20T14:32:32Z,10.0.5.11,eve,command,success,2227
2025-09-20T14:32:39Z,10.0.4.194,root,auth,success,2522
2025-09-20T14:32:46Z,10.0.4.239,carol,connect,success,3110
2025-09-20T14:32:48Z,10.0.4.131,eve,command,fail,2070
2025-09-20T14:32:53Z,10.0.5.122,ops,connect,success,1183
2025-09-20T14:32:59Z,10.0.1.236,ops,command,success,5897
2025-09-20T14:33:00Z,10.0.1.171,alice,connect,success,6444
2025-09-20T14:33:05Z,10.0.3.2,ops,command,success,849
2025-09-20T14:33:07Z,10.0.2.144,alice,auth,success,3986
2025-09-20T14:33:11Z,10.0.2.12,alice,auth,success,3787
2025-09-20T14:33:19Z,10.0.5.138,root,connect,success,2808
2025-09-20T14:33:28Z,10.0.2.119,carol,connect,success,669
2025-09-20T14:33:40Z,10.0.4.74,root,command,success,4893
2025-09-20T14:33:44Z,10.0.3.105,bob,command,success,6454
2025-09-20T14:33:47Z,10.0.2.135,carol,command,success,167
2025-09-20T14:33:54Z,10.0.1.46,alice,command,fail,507
2025-09-20T14:33:56Z,10.0.1.98,eve,auth,success,1302
2025-09-20T14:34:03Z,10.0.1.176,alice,command,success,6080
2025-09-20T14:34:14Z,10.0.3.185,dave,command,fail,6492
2025-09-20T14:34:22Z,10.0.1.85,carol,auth,success,2854
2025-09-20T14:34:23Z,10.0.1.152,dave,command,success,4732
2025-09-20T14:34:27Z,10.0.4.16,ops,connect,success,1714
2025-09-20T14:34:27Z,10.0.0.219,carol,connect,success,1903
2025-09-20T14:34:31Z,10.0.5.183,carol,command,success,6304
2025-09-20T14:34:33Z,10.0.0.85,dave,command,success,1851
2025-09-20T14:34:35Z,10.0.0.247,bob,command,success,1119
2025-09-20T14:34:39Z,10.0.1.30,ops,command,success,6476
2025-09-20T14:34:44Z,10.0.2.204,bob,connect,success,659
2025-09-20T14:34:47Z,10.0.2.5,alice,command,success,6432
2025-09-20T14:34:49Z,10.0.0.33,carol,connect,success,2178
2025-09-20T14:34:49Z,10.0.3.125,root,auth,success,2142
2025-09-20T14:34:51Z,10.0.2.79,eve,command,success,307
2025-09-20T14:34:58Z,10.0.3.169,ops,connect,success,3023
2025-09-20T14:34:59Z,10.0.3.74,ops,command,success,2217
2025-09-20T14:35:13Z,10.0.0.12,bob,auth,success,3107
2025-09-20T14:35:19Z,10.0.1.142,ops,command,success,5344
2025-09-20T14:35:25Z,10.0.5.98,ops,command,success,5582
2025-09-20T14:35:33Z,10.0.2.63,alice,command,success,5836
2025-09-20T14:35:36Z,10.0.2.57,eve,auth,success,3623
2025-09-20T14:35:44Z,10.0.3.106,dave,connect,fail,1857
2025-09-20T14:35:47Z,10.0.4.109,dave,command,success,1239
2025-09-20T14:35:47Z,10.0.5.13,alice,connect,success,2929
2025-09-20T14:35:50Z,10.0.5.169,root,connect,success,1894
2025-09-20T14:36:02Z,10.0.3.174,bob,command,fail,4904
2025-09-20T14:36:14Z,10.0.1.207,carol,command,success,5141
2025-09-20T14:36:24Z,10.0.2.235,alice,connect,success,2495
2025-09-20T14:36:27Z,10.0.0.94,ops,auth,success,2968
2025-09-20T14:36:48Z,10.0.5.151,alice,command,success,428
2025-09-20T14:36:51Z,10.0.4.39,ops,connect,success,942
2025-09-20T14:36:55Z,10.0.5.185,eve,command,fail,5056
2025-09-20T14:36:59Z,10.0.5.17,carol,connect,success,5742
2025-09-20T14:37:03Z,10.0.0.31,carol,command,success,5733
2025-09-20T14:37:08Z,10.0.1.12,root,command,success,4856
2025-09-20T14:37:10Z,10.0.4.221,bob,auth,success,4451
2025-09-20T14:37:10Z,10.0.5.118,bob,command,success,5080
2025-09-20T14:37:12Z,10.0.2.158,root,command,success,5048
2025-09-20T14:37:14Z,10.0.1.122,bob,command,success,5134
2025-09-20T14:37:20Z,10.0.4.141,dave,command,fail,119
2025-09-20T14:37:29Z,10.0.0.104,carol,auth,success,4348
2025-09-20T14:37:36Z,10.0.2.196,dave,connect,success,1598
2025-09-20T14:37:49Z,10.0.4.30,eve,connect,success,1468
2025-09-20T14:37:49Z,10.0.3.53,eve,command,success,4511
2025-09-20T14:37:51Z,10.0.5.174,ops,auth,success,4400
2025-09-20T14:37:53Z,10.0.5.12,dave,auth,success,3550
2025-09-20T14:37:58Z,10.0.3.76,bob,connect,success,5025
2025-09-20T14:37:58Z,10.0.5.156,root,command,success,6064
2025-09-20T14:38:13Z,10.0.2.231,bob,connect,success,3674
2025-09-20T14:38:25Z,10.0.3.238,eve,auth,success,3647
2025-09-20T14:38:26Z,10.0.0.199,alice,auth,success,4985
2025-09-20T14:38:28Z,10.0.3.208,alice,command,success,2102
2025-09-20T14:38:40Z,10.0.3.240,bob,auth,success,1277
2025-09-20T14:38:41Z,10.0.2.221,alice,connect,success,4714
2025-09-20T14:38:44Z,10.0.4.224,root,auth,success,3559
2025-09-20T14:38:48Z,10.0.1.10,eve,connect,success,4467
2025-09-20T14:38:51Z,10.0.5.12,dave,auth,success,3214
2025-09-20T14:38:53Z,10.0.0.149,root,command,success,32
2025-09-20T14:39:12Z,10.0.5.68,carol,auth,success,4182
2025-09-20T14:39:14Z,10.0.2.142,dave,auth,success,2407
2025-09-20T14:39:18Z,10.0.1.239,root,connect,success,1604
2025-09-20T14:39:21Z,10.0.2.195,alice,command,success,5885
2025-09-20T14:39:28Z,10.0.4.138,alice,connect,success,4051
2025-09-20T14:39:29Z,10.0.5.18,dave,auth,success,4722
2025-09-20T14:39:32Z,10.0.3.81,eve,command,success,4488
2025-09-20T14:40:09Z,10.0.1.214,eve,command,success,1732
2025-09-20T14:40:26Z,10.0.3.89,dave,auth,success,2390
2025-09-20T14:40:36Z,10.0.0.32,ops,command,success,5331
2025-09-20T14:40:39Z,10.0.4.245,bob,auth,success,1225
2025-09-20T14:40:39Z,10.0.0.122,root,command,success,3887
2025-09-20T14:40:48Z,10.0.3.142,dave,connect,success,2293
2025-09-20T14:40:49Z,10.0.4.136,alice,command,success,167
2025-09-20T14:40:49Z,10.0.2.160,ops,connect,success,1185
2025-09-20T14:41:07Z,10.0.0.165,ops,auth,success,1848
2025-09-20T14:41:08Z,10.0.5.118,dave,connect,success,6349
2025-09-20T14:41:16Z,10.0.1.166,carol,connect,fail,2194
2025-09-20T14:41:16Z,10.0.4.173,ops,auth,success,4797
2025-09-20T14:41:17Z,10.0.4.176,eve,command,success,1396
2025-09-20T14:41:21Z,10.0.1.147,dave,auth,success,3550
2025-09-20T14:41:26Z,10.0.3.130,ops,command,success,170
2025-09-20T14:41:28Z,10.0.3.166,carol,command,success,1796
2025-09-20T14:41:32Z,10.0.1.133,carol,auth,success,1923
2025-09-20T14:41:34Z,10.0.0.215,root,connect,success,5184
2025-09-20T14:41:54Z,10.0.0.14,ops,connect,success,6187
2025-09-20T14:42:01Z,10.0.3.230,bob,connect,success,3737
2025-09-20T14:42:18Z,10.0.5.236,carol,command,success,2713
2025-09-20T14:42:26Z,10.0.3.139,alice,command,success,2706
2025-09-20T14:42:27Z,10.0.1.61,dave,command,success,914
2025-09-20T14:42:41Z,10.0.4.166,eve,command,success,5045
2025-09-20T14:42:44Z,10.0.0.236,ops,auth,success,3028
2025-09-20T14:42:54Z,10.0.1.193,bob,command,success,898
2025-09-20T14:43:01Z,10.0.3.37,dave,command,success,2610
2025-09-20T14:43:14Z,10.0.5.235,alice,command,success,3822
2025-09-20T14:43:24Z,10.0.3.148,alice,auth,success,2095
2025-09-20T14:43:27Z,10.0.1.216,alice,command,fail,2598
2025-09-20T14:43:33Z,10.0.5.105,bob,command,fail,1304
2025-09-20T14:43:34Z,10.0.0.139,ops,command,success,2766
2025-09-20T14:43:40Z,10.0.0.106,root,command,success,2210
2025-09-20T14:43:49Z,10.0.5.65,carol,auth,success,2182
2025-09-20T14:43:56Z,10.0.2.41,dave,connect,success,2569
2025-09-20T14:43:57Z,10.0.2.53,eve,command,success,6146
2025-09-20T14:44:01Z,10.0.4.223,root,auth,success,6324
2025-09-20T14:44:03Z,10.0.5.14,root,command,success,778
2025-09-20T14:44:03Z,10.0.3.165,dave,command,success,3119
2025-09-20T14:44:05Z,10.0.0.154,eve,connect,success,2253
2025-09-20T14:44:10Z,10.0.5.129,root,command,success,785
2025-09-20T14:44:12Z,10.0.5.231,eve,auth,success,6495
2025-09-20T14:44:50Z,10.0.5.61,dave,command,success,1559
2025-09-20T14:44:59Z,10.0.0.42,root,connect,success,3078
2025-09-20T14:45:00Z,10.0.1.9,carol,connect,success,1992
2025-09-20T14:45:07Z,10.0.0.97,eve,command,success,4962
2025-09-20T14:45:10Z,10.0.5.213,root,auth,success,4498
2025-09-20T14:45:21Z,10.0.0.150,ops,auth,success,2428
2025-09-20T14:45:24Z,10.0.5.28,bob,auth,fail,1622
2025-09-20T14:45:29Z,10.0.4.50,alice,command,success,6244
2025-09-20T14:45:39Z,10.0.1.22,bob,connect,success,4786
2025-09-20T14:45:45Z,10.0.0.151,bob,command,success,3854
2025-09-20T14:45:50Z,10.0.3.16,root,auth,success,4731
2025-09-20T14:45:58Z,10.0.5.117,root,auth,success,5121
2025-09-20T14:45:58Z,10.0.4.84,alice,auth,success,5301
2025-09-20T14:46:12Z,10.0.2.112,bob,auth,success,1869
2025-09-20T14:46:25Z,10.0.2.230,dave,command,success,3612
2025-09-20T14:46:28Z,10.0.5.176,dave,connect,success,4665
2025-09-20T14:46:33Z,10.0.4.197,alice,connect,success,2934
2025-09-20T14:46:34Z,10.0.3.218,eve,auth,success,45
2025-09-20T14:46:38Z,10.0.0.208,ops,command,success,2028
2025-09-20T14:46:41Z,10.0.2.212,eve,command,success,853
2025-09-20T14:46:45Z,10.0.5.13,root,auth,success,946
2025-09-20T14:46:49Z,10.0.2.83,bob,connect,success,3047
2025-09-20T14:46:52Z,10.0.3.106,ops,auth,success,1010
2025-09-20T14:46:57Z,10.0.3.90,root,command,success,6507
2025-09-20T14:47:11Z,10.0.5.146,eve,connect,success,5193
2025-09-20T14:47:18Z,10.0.1.20,root,connect,success,3308
2025-09-20T14:47:33Z,10.0.1.164,carol,command,success,1404
2025-09-20T14:47:44Z,10.0.1.12,dave,auth,fail,3164
2025-09-20T14:47:46Z,10.0.0.200,root,auth,success,3900
2025-09-20T14:47:49Z,10.0.0.118,dave,connect,success,5761
2025-09-20T14:47:52Z,10.0.1.6,eve,connect,success,693
2025-09-20T14:47:53Z,10.0.1.92,carol,connect,success,2032
2025-09-20T14:47:57Z,10.0.3.164,eve,command,success,1081
2025-09-20T14:47:59Z,10.0.5.76,carol,command,success,3319
2025-09-20T14:48:03Z,10.0.4.182,carol,auth,success,4586
2025-09-20T14:48:05Z,10.0.5.85,root,command,success,893
2025-09-20T14:48:17Z,10.0.1.170,bob,connect,success,1515
2025-09-20T14:48:18Z,10.0.0.41,eve,command,success,2779
2025-09-20T14:48:44Z,10.0.1.147,dave,command,success,3584
2025-09-20T14:48:46Z,10.0.1.252,carol,auth,success,1336
2025-09-20T14:48:47Z,10.0.3.164,eve,auth,success,986
2025-09-20T14:48:48Z,10.0.5.224,alice,command,success,3528
2025-09-20T14:48:54Z,10.0.5.192,ops,command,success,3253
2025-09-20T14:49:06Z,10.0.4.87,ops,command,success,1129
2025-09-20T14:49:22Z,10.0.1.69,ops,auth,success,180
2025-09-20T14:49:31Z,10.0.1.156,bob,connect,success,2022
2025-09-20T14:49:40Z,10.0.2.18,carol,connect,success,6436
2025-09-20T14:49:52Z,10.0.3.42,ops,connect,success,6460
2025-09-20T14:49:53Z,10.0.0.254,root,command,success,2643
2025-09-20T14:49:59Z,10.0.3.179,alice,auth,success,3249
2025-09-20T14:50:02Z,10.0.2.226,root,connect,success,5567
2025-09-20T14:50:10Z,10.0.2.162,alice,connect,success,538
2025-09-20T14:50:22Z,10.0.5.55,dave,command,success,771
2025-09-20T14:50:26Z,10.0.5.222,alice,connect,success,3588
2025-09-20T14:50:37Z,10.0.5.103,alice,connect,success,5472
2025-09-20T14:50:38Z,10.0.3.89,carol,connect,success,6073
2025-09-20T14:50:47Z,10.0.0.128,alice,command,success,1081
2025-09-20T14:50:51Z,10.0.5.41,eve,command,fail,1712
2025-09-20T14:50:52Z,10.0.2.106,ops,auth,success,3608
2025-09-20T14:51:17Z,10.0.0.94,ops,command,success,3929
2025-09-20T14:51:17Z,10.0.2.199,bob,auth,success,5642
2025-09-20T14:51:19Z,10.0.0.235,ops,auth,success,4684
2025-09-20T14:51:32Z,10.0.2.3,dave,connect,success,2873
2025-09-20T14:51:41Z,10.0.5.239,ops,auth,fail,1465
2025-09-20T14:51:42Z,10.0.4.222,ops,command,success,3855
2025-09-20T14:52:01Z,10.0.2.210,ops,command,success,1821
2025-09-20T14:52:15Z,10.0.2.155,alice,connect,success,1261
2025-09-20T14:52:16Z,10.0.3.165,dave,auth,success,3622
2025-09-20T14:52:16Z,10.0.0.15,eve,command,success,751
2025-09-20T14:52:23Z,10.0.0.41,eve,connect,success,3742
2025-09-20T14:52:28Z,10.0.5.158,eve,auth,fail,4767
2025-09-20T14:52:30Z,10.0.1.181,alice,auth,success,5695
2025-09-20T14:52:31Z,10.0.1.171,alice,connect,success,3956
2025-09-20T14:52:33Z,10.0.4.4,alice,auth,success,2036
2025-09-20T14:52:39Z,10.0.1.3,eve,command,success,1703
2025-09-20T14:52:41Z,10.0.1.238,alice,command,success,6195
2025-09-20T14:52:41Z,10.0.5.32,eve,auth,success,1145
2025-09-20T14:52:48Z,10.0.1.160,dave,auth,success,3896
2025-09-20T14:52:52Z,10.0.1.148,dave,auth,success,1861
2025-09-20T14:52:57Z,10.0.5.62,eve,auth,success,1398
2025-09-20T14:52:58Z,10.0.3.122,ops,command,success,6545
2025-09-20T14:53:00Z,10.0.4.156,root,auth,success,1444
2025-09-20T14:53:11Z,10.0.1.120,root,connect,success,5889
2025-09-20T14:53:17Z,10.0.5.54,eve,auth,success,1673
2025-09-20T14:53:17Z,10.0.1.30,eve,auth,success,1333
2025-09-20T14:53:24Z,10.0.3.125,dave,command,success,4267
2025-09-20T14:53:27Z,10.0.4.150,ops,connect,success,1885
2025-09-20T14:53:41Z,10.0.1.110,bob,connect,success,1739
2025-09-20T14:53:41Z,10.0.4.29,alice,auth,success,4302
2025-09-20T14:53:41Z,10.0.2.210,eve,auth,success,3399
2025-09-20T14:53:52Z,10.0.3.102,bob,connect,success,4257
2025-09-20T14:53:57Z,10.0.2.13,bob,connect,success,3874
2025-09-20T14:54:00Z,10.0.5.204,alice,auth,success,2769
2025-09-20T14:54:00Z,10.0.3.244,ops,auth,success,4903
2025-09-20T14:54:19Z,10.0.2.112,carol,auth,fail,5807
2025-09-20T14:54:21Z,10.0.1.137,root,command,success,2985
2025-09-20T14:54:25Z,10.0.3.5,root,auth,success,556
2025-09-20T14:54:27Z,10.0.2.85,eve,auth,success,5472
2025-09-20T14:54:32Z,10.0.1.240,carol,auth,success,4776
2025-09-20T14:54:38Z,10.0.3.142,alice,command,success,1760
2025-09-20T14:54:43Z,10.0.2.16,alice,connect,success,6235
2025-09-20T14:54:50Z,10.0.5.202,eve,command,success,5925
2025-09-20T14:54:50Z,10.0.2.185,alice,command,success,775
2025-09-20T14:54:57Z,10.0.2.233,alice,connect,success,2075
2025-09-20T14:54:59Z,10.0.2.60,alice,command,success,821
2025-09-20T14:54:59Z,10.0.3.46,root,command,success,3058
2025-09-20T14:55:01Z,10.0.5.110,dave,auth,success,1901
2025-09-20T14:55:05Z,10.0.4.120,carol,auth,success,1589
2025-09-20T14:55:14Z,10.0.1.202,eve,command,success,2985
2025-09-20T14:55:23Z,10.0.2.113,eve,command,success,6453
2025-09-20T14:55:23Z,10.0.5.180,alice,auth,success,1674
2025-09-20T14:55:40Z,10.0.4.229,bob,connect,fail,811
2025-09-20T14:55:43Z,10.0.2.225,ops,auth,success,4841
2025-09-20T14:55:48Z,10.0.0.111,alice,connect,success,1018
2025-09-20T14:55:50Z,10.0.2.14,bob,command,success,3962
2025-09-20T14:56:00Z,10.0.2.66,eve,command,success,3601
2025-09-20T14:56:25Z,10.0.0.47,root,auth,fail,151
2025-09-20T14:56:54Z,10.0.5.38,carol,auth,success,4118
2025-09-20T14:56:54Z,10.0.0.77,ops,command,success,3795
2025-09-20T14:57:03Z,10.0.5.202,carol,command,success,116
2025-09-20T14:57:03Z,10.0.0.236,root,auth,success,4091
2025-09-20T14:57:12Z,10.0.3.113,bob,auth,success,5735
2025-09-20T14:57:12Z,10.0.5.202,root,command,success,6531
2025-09-20T14:57:14Z,10.0.5.89,ops,connect,success,1344
2025-09-20T14:57:20Z,10.0.4.237,eve,command,success,1443
2025-09-20T14:57:42Z,10.0.5.135,dave,command,success,1116
2025-09-20T14:57:45Z,10.0.0.42,root,connect,success,5188
2025-09-20T14:57:59Z,10.0.4.39,carol,connect,fail,5630
2025-09-20T14:58:34Z,10.0.3.200,dave,auth,success,303
2025-09-20T14:58:36Z,10.0.0.204,root,command,fail,1544
2025-09-20T14:58:41Z,10.0.2.164,eve,auth,success,1740
2025-09-20T14:58:42Z,10.0.4.60,root,connect,success,4714
2025-09-20T14:58:43Z,10.0.4.155,eve,auth,success,5762
2025-09-20T14:58:47Z,10.0.3.129,bob,command,success,4526
2025-09-20T14:58:49Z,10.0.2.126,alice,connect,success,1064
2025-09-20T14:58:57Z,10.0.3.247,alice,command,success,200
2025-09-20T14:59:01Z,10.0.1.135,root,auth,success,1633
2025-09-20T14:59:08Z,10.0.1.71,eve,auth,success,5263
2025-09-20T14:59:09Z,10.0.0.159,ops,auth,success,1608
2025-09-20T14:59:24Z,10.0.5.241,carol,connect,success,3840
2025-09-20T14:59:25Z,10.0.2.79,ops,connect,success,6473
2025-09-20T14:59:30Z,10.0.5.50,eve,connect,success,6497
2025-09-20T14:59:35Z,10.0.3.250,ops,connect,success,3746
2025-09-20T14:59:37Z,10.0.1.191,root,auth,success,250
2025-09-20T14:59:47Z,10.0.5.4,alice,auth,success,2169
2025-09-20T14:59:55Z,10.0.1.146,eve,auth,success,1366
2025-09-20T15:00:00Z,10.0.2.74,alice,command,success,2067
2025-09-20T15:00:02Z,10.0.3.207,alice,command,success,3640
2025-09-20T15:00:08Z,10.0.0.162,ops,command,success,1359
2025-09-20T15:00:12Z,10.0.3.163,carol,command,success,5452
2025-09-20T15:00:13Z,10.0.1.71,eve,auth,success,4568
2025-09-20T15:00:17Z,10.0.1.173,root,connect,success,1045
2025-09-20T15:00:34Z,10.0.4.216,carol,connect,success,5454
2025-09-20T15:00:46Z,10.0.0.22,alice,connect,success,2816
2025-09-20T15:00:49Z,10.0.5.226,ops,command,success,5854
2025-09-20T15:01:04Z,10.0.3.75,root,auth,success,5642
2025-09-20T15:01:12Z,10.0.0.58,ops,auth,success,185
2025-09-20T15:01:29Z,10.0.3.166,ops,auth,success,2213
2025-09-20T15:01:31Z,10.0.2.132,eve,auth,success,5097
2025-09-20T15:01:34Z,10.0.0.3,dave,connect,success,984
2025-09-20T15:01:56Z,10.0.2.128,dave,auth,success,508
2025-09-20T15:01:59Z,10.0.4.5,alice,connect,success,1459
2025-09-20T15:01:59Z,10.0.3.24,alice,connect,success,1844
2025-09-20T15:02:02Z,10.0.0.137,eve,command,success,1736
2025-09-20T15:02:03Z,10.0.0.175,eve,command,success,6050
2025-09-20T15:02:04Z,10.0.2.180,root,connect,success,4914
2025-09-20T15:02:10Z,10.0.0.85,ops,auth,success,942
2025-09-20T15:02:11Z,10.0.4.130,bob,auth,success,2144
2025-09-20T15:02:26Z,10.0.3.163,carol,connect,success,5719
2025-09-20T15:02:31Z,10.0.2.89,ops,command,success,3795
2025-09-20T15:02:34Z,10.0.1.181,carol,command,success,2943
2025-09-20T15:02:37Z,10.0.1.56,eve,connect,success,4432
2025-09-20T15:02:43Z,10.0.0.108,alice,command,success,5457
2025-09-20T15:02:43Z,10.0.1.99,carol,command,success,3564
2025-09-20T15:02:53Z,10.0.5.190,bob,auth,success,5041
2025-09-20T15:03:02Z,10.0.3.131,root,auth,success,1797
2025-09-20T15:03:05Z,10.0.1.242,ops,command,success,1193
2025-09-20T15:03:10Z,10.0.5.216,bob,command,success,460
2025-09-20T15:03:11Z,10.0.1.181,carol,command,success,6038
2025-09-20T15:03:13Z,10.0.5.96,dave,auth,fail,2142
2025-09-20T15:03:13Z,10.0.5.150,bob,connect,success,6370
2025-09-20T15:03:18Z,10.0.5.43,alice,command,success,4530
2025-09-20T15:03:19Z,10.0.4.114,eve,connect,success,6133
2025-09-20T15:03:24Z,10.0.3.61,root,command,success,4586
2025-09-20T15:03:25Z,10.0.3.40,bob,auth,fail,4784
2025-09-20T15:03:43Z,10.0.3.116,carol,auth,success,5992
2025-09-20T15:03:44Z,10.0.2.145,root,auth,success,4786
2025-09-20T15:03:52Z,10.0.3.200,ops,auth,success,2782
2025-09-20T15:04:05Z,10.0.4.53,carol,command,fail,165
2025-09-20T15:04:06Z,10.0.3.155,dave,auth,success,1895
2025-09-20T15:04:06Z,10.0.3.202,ops,command,success,1484
2025-09-20T15:04:07Z,10.0.1.184,alice,command,success,2096
2025-09-20T15:04:16Z,10.0.1.131,bob,command,success,1390
2025-09-20T15:04:18Z,10.0.3.90,alice,command,success,2301
2025-09-20T15:04:22Z,10.0.1.206,root,command,success,958
2025-09-20T15:04:36Z,10.0.1.129,ops,connect,success,3049
2025-09-20T15:04:37Z,10.0.5.95,eve,connect,success,4403
2025-09-20T15:04:48Z,10.0.2.38,carol,auth,success,1498
2025-09-20T15:04:52Z,10.0.2.5,carol,auth,success,516
2025-09-20T15:04:58Z,10.0.0.126,alice,command,success,1539
2025-09-20T15:05:02Z,10.0.3.252,dave,command,success,725
2025-09-20T15:05:10Z,10.0.2.55,root,connect,success,727
2025-09-20T15:05:13Z,10.0.1.86,bob,connect,success,6135
2025-09-20T15:05:14Z,10.0.3.18,eve,connect,success,5928
2025-09-20T15:05:15Z,10.0.3.250,bob,auth,success,1488
2025-09-20T15:05:27Z,10.0.2.167,bob,connect,success,4230
2025-09-20T15:05:33Z,10.0.3.133,eve,connect,success,470
2025-09-20T15:05:38Z,10.0.1.77,ops,command,fail,4369
2025-09-20T15:06:12Z,10.0.4.235,carol,command,success,1601
2025-09-20T15:06:13Z,10.0.4.161,alice,connect,success,4217
2025-09-20T15:06:17Z,10.0.4.143,alice,auth,success,3577
2025-09-20T15:06:23Z,10.0.1.54,alice,connect,success,738
2025-09-20T15:06:31Z,10.0.5.120,root,command,success,4914
2025-09-20T15:06:41Z,10.0.1.247,ops,auth,success,3436
2025-09-20T15:07:08Z,10.0.4.143,ops,auth,fail,3406
2025-09-20T15:07:08Z,10.0.2.57,dave,command,success,2098
2025-09-20T15:07:10Z,10.0.2.110,ops,auth,success,4423
2025-09-20T15:07:12Z,10.0.4.140,dave,command,fail,687
2025-09-20T15:07:28Z,10.0.3.84,eve,auth,success,1546
2025-09-20T15:07:31Z,10.0.1.71,dave,auth,success,2798
2025-09-20T15:07:38Z,10.0.5.104,alice,auth,success,3631
2025-09-20T15:07:39Z,10.0.0.105,ops,connect,success,3562
2025-09-20T15:07:41Z,10.0.1.38,ops,command,success,2386
2025-09-20T15:07:42Z,10.0.3.57,root,command,success,5186
2025-09-20T15:07:56Z,10.0.5.26,bob,connect,success,1355
2025-09-20T15:07:58Z,10.0.5.214,carol,command,success,3129
2025-09-20T15:08:11Z,10.0.4.224,alice,auth,success,710
2025-09-20T15:08:13Z,10.0.2.72,carol,command,success,1232
2025-09-20T15:08:13Z,10.0.3.69,dave,command,success,6453
2025-09-20T15:08:20Z,10.0.5.220,root,auth,success,3882
2025-09-20T15:08:24Z,10.0.0.135,alice,auth,success,2377
2025-09-20T15:08:24Z,10.0.2.103,dave,auth,success,3666
2025-09-20T15:08:34Z,10.0.3.208,carol,connect,success,3163
2025-09-20T15:08:36Z,10.0.4.254,alice,command,success,3914
2025-09-20T15:08:38Z,10.0.4.193,dave,auth,success,2705
2025-09-20T15:08:49Z,10.0.3.11,alice,auth,success,3694
2025-09-20T15:08:53Z,10.0.5.10,root,connect,success,4187
2025-09-20T15:08:55Z,10.0.1.245,root,connect,success,5289
2025-09-20T15:09:05Z,10.0.3.64,root,connect,success,5179
2025-09-20T15:09:06Z,10.0.5.5,carol,auth,success,6465
2025-09-20T15:09:20Z,10.0.4.173,carol,auth,success,4560
2025-09-20T15:09:27Z,10.0.5.207,alice,connect,success,5342
2025-09-20T15:09:36Z,10.0.4.211,eve,command,fail,332
2025-09-20T15:10:03Z,10.0.3.89,carol,auth,success,3200
2025-09-20T15:10:05Z,10.0.4.231,eve,command,success,1846
2025-09-20T15:10:11Z,10.0.3.59,ops,connect,success,3646
2025-09-20T15:10:13Z,10.0.5.252,bob,auth,success,3419
2025-09-20T15:10:16Z,10.0.1.28,ops,connect,success,3643
2025-09-20T15:10:19Z,10.0.2.3,dave,command,success,2391
2025-09-20T15:10:27Z,10.0.3.225,bob,auth,success,787
2025-09-20T15:10:32Z,10.0.1.237,eve,command,success,2983
2025-09-20T15:10:33Z,10.0.0.126,dave,auth,success,3510
2025-09-20T15:10:50Z,10.0.4.18,ops,command,success,631
2025-09-20T15:10:53Z,10.0.4.203,root,command,success,4930
2025-09-20T15:10:54Z,10.0.5.19,carol,connect,success,3042
2025-09-20T15:10:58Z,10.0.0.70,alice,connect,success,5174
2025-09-20T15:11:00Z,10.0.5.141,bob,command,success,4875
2025-09-20T15:11:00Z,10.0.5.122,eve,auth,success,1600
2025-09-20T15:11:11Z,10.0.5.123,bob,command,success,1603
2025-09-20T15:11:15Z,10.0.3.29,carol,command,success,4895
2025-09-20T15:11:21Z,10.0.0.35,dave,connect,success,4683
2025-09-20T15:11:22Z,10.0.0.153,eve,connect,success,791
2025-09-20T15:11:22Z,10.0.4.48,bob,command,success,4571
2025-09-20T15:11:25Z,10.0.0.206,ops,auth,success,2225
2025-09-20T15:11:25Z,10.0.3.247,root,connect,success,1200
2025-09-20T15:11:26Z,10.0.0.85,eve,auth,success,5178
2025-09-20T15:11:35Z,10.0.5.8,carol,command,success,3528
2025-09-20T15:11:42Z,10.0.4.92,ops,connect,success,1979
2025-09-20T15:11:52Z,10.0.1.200,root,auth,success,5451
2025-09-20T15:11:55Z,10.0.4.75,root,connect,success,4692
2025-09-20T15:12:03Z,10.0.0.231,root,command,success,1186
2025-09-20T15:12:03Z,10.0.1.248,dave,command,success,4552
2025-09-20T15:12:06Z,10.0.5.131,dave,auth,success,3060
2025-09-20T15:12:14Z,10.0.4.128,carol,auth,success,2615
2025-09-20T15:12:16Z,10.0.1.118,ops,command,success,5149
2025-09-20T15:12:21Z,10.0.0.105,root,connect,success,3821
2025-09-20T15:12:24Z,10.0.2.12,root,auth,success,3481
2025-09-20T15:12:35Z,10.0.1.59,ops,auth,success,1949
2025-09-20T15:12:38Z,10.0.2.130,ops,connect,success,6380
2025-09-20T15:12:44Z,10.0.3.234,carol,command,success,5797
2025-09-20T15:12:47Z,10.0.5.96,root,connect,success,4380
2025-09-20T15:12:47Z,10.0.5.196,dave,command,success,3114
2025-09-20T15:12:53Z,10.0.3.245,eve,connect,success,380
2025-09-20T15:12:59Z,10.0.3.153,bob,command,success,6465
2025-09-20T15:13:07Z,10.0.3.170,bob,connect,success,1072
2025-09-20T15:13:24Z,10.0.1.172,dave,auth,success,4060
2025-09-20T15:13:34Z,10.0.0.194,eve,connect,success,3171
2025-09-20T15:13:35Z,10.0.2.20,eve,command,success,2023
2025-09-20T15:13:36Z,10.0.4.216,root,command,success,4773
2025-09-20T15:13:39Z,10.0.2.10,root,connect,success,5976
2025-09-20T15:13:55Z,10.0.0.75,carol,command,success,4498
2025-09-20T15:13:55Z,10.0.5.117,bob,auth,success,2163
2025-09-20T15:13:59Z,10.0.0.187,ops,connect,success,2455
2025-09-20T15:14:00Z,10.0.0.143,bob,auth,success,1143
2025-09-20T15:14:04Z,10.0.1.62,dave,command,success,4425
2025-09-20T15:14:06Z,10.0.0.216,alice,auth,success,5511
2025-09-20T15:14:10Z,10.0.0.176,ops,auth,success,4282
2025-09-20T15:14:12Z,10.0.1.114,dave,command,fail,4118
2025-09-20T15:14:13Z,10.0.4.104,carol,connect,success,3688
2025-09-20T15:14:14Z,10.0.5.19,eve,command,success,568
2025-09-20T15:14:19Z,10.0.5.94,ops,auth,success,5016
2025-09-20T15:14:19Z,10.0.4.211,ops,command,success,3919
2025-09-20T15:14:31Z,10.0.2.137,bob,auth,success,4848
2025-09-20T15:14:40Z,10.0.4.86,dave,command,success,2986
2025-09-20T15:14:42Z,10.0.4.33,dave,command,success,2284
2025-09-20T15:14:45Z,10.0.1.93,dave,auth,success,4387
2025-09-20T15:14:53Z,10.0.4.242,bob,command,success,6472
2025-09-20T15:15:15Z,10.0.0.93,dave,command,success,664
2025-09-20T15:15:24Z,10.0.4.23,bob,command,success,5836
2025-09-20T15:15:25Z,10.0.5.47,alice,auth,success,375
2025-09-20T15:15:47Z,10.0.4.193,dave,connect,success,6318
2025-09-20T15:15:49Z,10.0.2.66,eve,auth,success,1935
2025-09-20T15:15:50Z,10.0.1.111,alice,command,success,6444
2025-09-20T15:16:02Z,10.0.0.144,ops,connect,success,4622
2025-09-20T15:16:17Z,10.0.4.85,ops,auth,success,381
2025-09-20T15:16:24Z,10.0.0.200,carol,command,success,5337
2025-09-20T15:16:42Z,10.0.0.20,carol,connect,success,946
2025-09-20T15:16:44Z,10.0.5.186,alice,auth,success,3300
2025-09-20T15:16:46Z,10.0.0.179,dave,auth,success,5998
2025-09-20T15:16:57Z,10.0.4.156,root,connect,success,1767
2025-09-20T15:17:05Z,10.0.5.80,carol,command,success,2345
2025-09-20T15:17:26Z,10.0.0.70,root,command,fail,3000
2025-09-20T15:17:37Z,10.0.4.253,ops,auth,success,4133
2025-09-20T15:17:47Z,10.0.0.180,carol,connect,success,2714
2025-09-20T15:17:48Z,10.0.3.138,eve,command,success,1760
2025-09-20T15:17:49Z,10.0.1.178,carol,connect,success,6027
2025-09-20T15:17:53Z,10.0.2.24,bob,connect,success,3290
2025-09-20T15:18:25Z,10.0.5.80,alice,command,success,1242
2025-09-20T15:18:40Z,10.0.1.182,bob,command,success,1606
2025-09-20T15:18:42Z,10.0.0.105,bob,auth,success,6402
2025-09-20T15:18:47Z,10.0.1.129,ops,command,success,3836
2025-09-20T15:18:54Z,10.0.5.81,ops,connect,success,3672
2025-09-20T15:19:02Z,10.0.2.57,eve,command,success,4752
2025-09-20T15:19:06Z,10.0.5.129,dave,auth,success,488
2025-09-20T15:19:13Z,10.0.5.217,dave,connect,success,2331
2025-09-20T15:19:24Z,10.0.2.99,dave,auth,success,3451
2025-09-20T15:19:30Z,10.0.5.179,eve,command,success,6248
2025-09-20T15:19:31Z,10.0.4.10,root,connect,success,194
2025-09-20T15:19:32Z,10.0.2.168,alice,auth,success,530
2025-09-20T15:19:38Z,10.0.3.233,bob,auth,success,4103
2025-09-20T15:19:41Z,10.0.2.87,carol,command,success,761
2025-09-20T15:19:49Z,10.0.4.230,carol,connect,success,3657
2025-09-20T15:20:16Z,10.0.2.111,ops,command,success,1989
2025-09-20T15:20:25Z,10.0.5.143,ops,connect,success,2195
2025-09-20T15:20:27Z,10.0.2.65,root,command,success,4442
2025-09-20T15:20:35Z,10.0.4.138,ops,command,success,5969
2025-09-20T15:20:37Z,10.0.5.206,eve,command,success,3250
2025-09-20T15:20:46Z,10.0.5.101,alice,connect,success,5659
2025-09-20T15:20:51Z,10.0.5.54,dave,auth,success,4032
2025-09-20T15:20:54Z,10.0.4.221,bob,connect,success,5315
2025-09-20T15:21:04Z,10.0.1.219,ops,command,success,1515
2025-09-20T15:21:14Z,10.0.5.98,root,command,success,262
2025-09-20T15:21:14Z,10.0.4.192,ops,connect,success,3335
2025-09-20T15:21:24Z,10.0.5.44,bob,connect,success,4217
2025-09-20T15:21:28Z,10.0.0.169,alice,connect,success,2928
2025-09-20T15:21:33Z,10.0.1.242,bob,auth,success,4578
2025-09-20T15:21:33Z,10.0.5.202,dave,connect,success,6361
2025-09-20T15:21:43Z,10.0.1.120,eve,connect,success,4188
2025-09-20T15:21:49Z,10.0.2.152,alice,command,success,4712
2025-09-20T15:21:53Z,10.0.2.235,carol,connect,success,4148
2025-09-20T15:22:08Z,10.0.3.252,root,connect,success,5896
2025-09-20T15:22:10Z,10.0.3.117,eve,connect,success,1224
2025-09-20T15:22:13Z,10.0.5.158,carol,connect,success,3295
2025-09-20T15:22:18Z,10.0.4.220,bob,command,success,2509
2025-09-20T15:22:21Z,10.0.4.138,alice,command,success,5138
2025-09-20T15:22:29Z,10.0.2.84,ops,connect,success,2598
2025-09-20T15:22:30Z,10.0.0.175,alice,auth,success,1599
2025-09-20T15:22:46Z,10.0.1.6,eve,command,success,4896
2025-09-20T15:22:47Z,10.0.5.166,bob,auth,success,2739
2025-09-20T15:22:48Z,10.0.1.210,alice,auth,success,573
2025-09-20T15:22:49Z,10.0.4.39,root,command,success,911
2025-09-20T15:22:51Z,10.0.5.240,carol,auth,success,4205
2025-09-20T15:22:53Z,10.0.2.12,alice,auth,success,3998
2025-09-20T15:22:58Z,10.0.2.80,root,auth,success,968
2025-09-20T15:23:21Z,10.0.4.199,ops,command,success,2824
2025-09-20T15:23:30Z,10.0.4.213,bob,auth,success,6016
2025-09-20T15:23:33Z,10.0.5.36,dave,auth,success,1211
2025-09-20T15:23:52Z,10.0.0.190,alice,connect,success,6262
2025-09-20T15:23:52Z,10.0.3.4,root,connect,success,5680
2025-09-20T15:23:53Z,10.0.2.250,dave,connect,success,2125
2025-09-20T15:23:57Z,10.0.0.131,dave,auth,success,3653
2025-09-20T15:24:02Z,10.0.5.124,carol,connect,success,5579
2025-09-20T15:24:04Z,10.0.4.157,ops,auth,success,5601
2025-09-20T15:24:07Z,10.0.5.77,eve,command,success,6328
2025-09-20T15:24:23Z,10.0.0.234,bob,auth,success,3843
2025-09-20T15:24:24Z,10.0.4.57,bob,auth,success,4275
2025-09-20T15:25:02Z,10.0.4.35,alice,connect,success,309
2025-09-20T15:25:04Z,10.0.4.59,alice,connect,success,3383
2025-09-20T15:25:08Z,10.0.3.220,root,auth,success,4121
2025-09-20T15:25:25Z,10.0.5.8,carol,auth,success,5804
2025-09-20T15:25:26Z,10.0.5.36,eve,auth,success,2610
2025-09-20T15:25:38Z,10.0.4.141,carol,command,success,883
2025-09-20T15:25:42Z,10.0.5.61,root,connect,success,1163
2025-09-20T15:25:52Z,10.0.2.185,dave,command,success,1644
2025-09-20T15:25:57Z,10.0.5.81,ops,connect,success,3734
2025-09-20T15:25:58Z,10.0.3.142,root,auth,success,3721
2025-09-20T15:26:06Z,10.0.5.14,dave,command,success,5632
2025-09-20T15:26:06Z,10.0.4.233,root,auth,success,6365
2025-09-20T15:26:09Z,10.0.0.239,ops,command,success,166
2025-09-20T15:26:12Z,10.0.0.216,bob,auth,success,54
2025-09-20T15:26:17Z,10.0.4.233,dave,auth,success,5032
2025-09-20T15:26:20Z,10.0.1.129,root,command,success,5320
2025-09-20T15:26:24Z,10.0.0.69,ops,auth,success,2924
2025-09-20T15:26:30Z,10.0.2.134,eve,auth,success,1698
2025-09-20T15:26:30Z,10.0.5.64,dave,command,fail,1768
2025-09-20T15:26:31Z,10.0.5.99,eve,connect,success,4121
2025-09-20T15:26:58Z,10.0.2.122,carol,connect,success,2842
2025-09-20T15:26:59Z,10.0.5.118,root,auth,success,1282
2025-09-20T15:27:02Z,10.0.5.210,dave,auth,success,2243
2025-09-20T15:27:12Z,10.0.4.214,ops,auth,fail,6135
2025-09-20T15:27:13Z,10.0.0.219,root,auth,success,1786
2025-09-20T15:27:14Z,10.0.0.220,dave,command,success,5737
2025-09-20T15:27:14Z,10.0.4.146,dave,connect,fail,3594
2025-09-20T15:27:15Z,10.0.0.241,alice,auth,fail,3871
2025-09-20T15:27:16Z,10.0.2.97,alice,auth,success,5135
2025-09-20T15:27:22Z,10.0.2.20,eve,connect,success,452
2025-09-20T15:27:22Z,10.0.4.76,bob,connect,success,3743
2025-09-20T15:27:25Z,10.0.4.211,dave,auth,success,3520
2025-09-20T15:27:29Z,10.0.1.126,eve,auth,success,312
2025-09-20T15:27:42Z,10.0.4.221,eve,command,success,2836
2025-09-20T15:27:56Z,10.0.4.78,ops,connect,success,2161
2025-09-20T15:27:57Z,10.0.3.251,eve,connect,success,3613
2025-09-20T15:28:02Z,10.0.1.51,carol,connect,success,2225
2025-09-20T15:28:08Z,10.0.5.168,alice,auth,success,3575
2025-09-20T15:28:12Z,10.0.1.55,alice,auth,success,1225
2025-09-20T15:28:14Z,10.0.2.91,ops,auth,success,1438
2025-09-20T15:28:26Z,10.0.2.230,carol,auth,success,3641
2025-09-20T15:28:37Z,10.0.3.188,bob,connect,success,6009
2025-09-20T15:28:52Z,10.0.4.20,alice,command,success,1811
2025-09-20T15:29:05Z,10.0.2.58,dave,connect,success,1641
2025-09-20T15:29:06Z,10.0.5.186,eve,auth,success,2921
2025-09-20T15:29:11Z,10.0.3.69,bob,auth,success,3717
2025-09-20T15:29:25Z,10.0.4.17,carol,auth,success,3605
2025-09-20T15:29:29Z,10.0.4.119,dave,command,success,2737
2025-09-20T15:29:30Z,10.0.3.8,carol,command,success,426
2025-09-20T15:29:41Z,10.0.2.205,dave,auth,success,1358
2025-09-20T15:29:48Z,10.0.2.135,carol,command,success,1743
2025-09-20T15:29:48Z,10.0.0.207,carol,auth,success,567
2025-09-20T15:30:07Z,10.0.1.115,alice,connect,success,4691
2025-09-20T15:30:10Z,10.0.4.213,ops,command,success,4954
2025-09-20T15:30:12Z,10.0.5.235,dave,command,success,513
2025-09-20T15:30:17Z,10.0.0.242,ops,command,success,5539
2025-09-20T15:30:23Z,10.0.3.156,alice,auth,success,744
2025-09-20T15:30:25Z,10.0.2.75,root,connect,success,3112
2025-09-20T15:30:31Z,10.0.3.61,alice,connect,success,6103
2025-09-20T15:30:34Z,10.0.3.36,root,auth,success,1546
2025-09-20T15:30:34Z,10.0.3.224,root,auth,fail,3920
2025-09-20T15:30:51Z,10.0.4.84,bob,command,success,2278
2025-09-20T15:30:51Z,10.0.3.216,eve,command,success,3259
2025-09-20T15:31:07Z,10.0.1.183,bob,auth,success,5250
2025-09-20T15:31:09Z,10.0.0.67,eve,command,success,4416
2025-09-20T15:31:16Z,10.0.2.40,eve,auth,success,6176
2025-09-20T15:31:28Z,10.0.5.12,ops,command,success,4517
2025-09-20T15:31:34Z,10.0.2.94,eve,connect,success,5638
2025-09-20T15:31:40Z,10.0.3.91,ops,auth,success,129
2025-09-20T15:31:42Z,10.0.2.119,carol,connect,fail,2007
2025-09-20T15:31:43Z,10.0.3.27,ops,command,success,1255
2025-09-20T15:31:44Z,10.0.0.152,eve,connect,success,6328
2025-09-20T15:31:48Z,10.0.5.209,eve,connect,success,3874
2025-09-20T15:31:51Z,10.0.0.136,bob,command,success,4125
2025-09-20T15:31:59Z,10.0.5.79,root,auth,success,4996
2025-09-20T15:32:02Z,10.0.1.20,alice,connect,success,5442
2025-09-20T15:32:10Z,10.0.1.212,dave,connect,success,514
2025-09-20T15:32:13Z,10.0.4.200,bob,command,success,953
2025-09-20T15:32:13Z,10.0.2.211,alice,connect,success,363
2025-09-20T15:32:23Z,10.0.2.63,root,command,success,4846
2025-09-20T15:32:30Z,10.0.4.240,dave,auth,fail,1011
2025-09-20T15:32:33Z,10.0.4.203,ops,connect,success,6071
2025-09-20T15:32:41Z,10.0.3.221,alice,command,success,6488
2025-09-20T15:32:51Z,10.0.1.162,carol,command,success,6502
2025-09-20T15:32:59Z,10.0.0.189,carol,auth,success,5438
2025-09-20T15:32:59Z,10.0.2.233,ops,auth,success,4433
2025-09-20T15:32:59Z,10.0.2.191,root,auth,success,4082
2025-09-20T15:33:04Z,10.0.2.103,eve,command,success,4394
2025-09-20T15:33:28Z,10.0.2.247,bob,auth,success,4193
2025-09-20T15:33:33Z,10.0.4.176,ops,command,success,604
2025-09-20T15:33:37Z,10.0.5.197,bob,connect,success,506
2025-09-20T15:33:50Z,10.0.2.7,dave,command,success,4280
2025-09-20T15:33:51Z,10.0.5.193,dave,command,success,770
2025-09-20T15:33:52Z,10.0.4.108,ops,connect,success,4781
2025-09-20T15:33:52Z,10.0.2.76,ops,auth,success,5235
2025-09-20T15:33:54Z,10.0.4.236,root,auth,success,220
